title,course_url,start,end,availability,updated_at
Organize Your (Work) Week: Realistic Time Management - online,https://www.drs.fu-berlin.de/en/node/86727,20.07.2023 - 13:00,20.07.2023 - 15:30,unavailable,2025-09-16 12:05:00.787727
NEW!!!! Paid to research: Preparing successful funding applications - online,https://www.drs.fu-berlin.de/en/node/86725,06.07.2023 - 09:00,07.07.2023 - 16:00,available,2025-09-16 12:05:00.787727
Scientific Argumentation: Critical Reasoning and Logic - online,https://www.drs.fu-berlin.de/en/node/79359,03.07.2023 - 09:00,04.07.2023 - 15:00,waiting list,2025-09-16 12:05:00.787727
Understanding Visual Communication - online,https://www.drs.fu-berlin.de/en/node/79358,03.07.2023 - 09:00,04.07.2023 - 12:00,waiting list,2025-09-16 12:05:00.787727
NEW!!!  Paid to research: Preparing successful funding applications - online,https://www.drs.fu-berlin.de/en/node/86724,29.06.2023 - 09:00,30.06.2023 - 16:00,waiting list,2025-09-16 12:05:00.787727
Keeping your Talk Fresh - in person,https://www.drs.fu-berlin.de/en/node/79357,27.06.2023 - 09:00,27.06.2023 - 17:00,waiting list,2025-09-16 12:05:00.787727
The Q&A Session: Preparing for the Audience Discussion (Social Sciences and Humanities) - in person,https://www.drs.fu-berlin.de/en/node/79351,26.06.2023 - 13:30,26.06.2023 - 17:00,waiting list,2025-09-16 12:05:00.787727
The Q&A Session: Preparing for the Audience Discussion (Natural and Life Sciences) - in person,https://www.drs.fu-berlin.de/en/node/79350,26.06.2023 - 09:00,26.06.2023 - 12:30,waiting list,2025-09-16 12:05:00.787727
Paid to research: Preparing successful funding applications - online,https://www.drs.fu-berlin.de/en/node/79288,22.06.2023 - 09:00,23.06.2023 - 16:00,waiting list,2025-09-16 12:05:00.787727
Q&A: Meet Your Ombudsperson - online,https://www.drs.fu-berlin.de/en/node/83342,20.06.2023 - 13:00,20.06.2023 - 14:00,unavailable,2025-09-16 12:05:00.787727
Creative Writing for Academics (online),https://www.drs.fu-berlin.de/en/node/88857,22.03.2024 - 13:30,22.03.2024 - 17:00,waiting list,2025-09-16 12:05:00.787727
Writer's Block and Procrastination (online),https://www.drs.fu-berlin.de/en/node/88856,22.03.2024 - 09:00,22.03.2024 - 12:30,waiting list,2025-09-16 12:05:00.787727
Writing Abstracts (online),https://www.drs.fu-berlin.de/en/node/88855,21.03.2024 - 13:30,21.03.2024 - 17:00,waiting list,2025-09-16 12:05:00.787727
WRITING CAFÉ in March,https://www.drs.fu-berlin.de/en/node/84381,21.03.2024 - 12:00,28.03.2024 - 12:00,waiting list,2025-09-16 12:05:00.787727
Introduction and Conclusion in Academics Texts (online),https://www.drs.fu-berlin.de/en/node/88853,21.03.2024 - 09:00,21.03.2024 - 12:30,waiting list,2025-09-16 12:05:00.787727
DRS Podcast,https://www.drs.fu-berlin.de/en/node/98972,20.03.2024 - 12:30,20.03.2024 - 13:00,unavailable,2025-09-16 12:05:00.787727
Deep Science Futures: An entry-level workshop for producing a better tomorrow with artificial intelligence -in person,https://www.drs.fu-berlin.de/en/node/96563,18.03.2024 - 09:00,18.03.2024 - 16:30,available,2025-09-16 12:05:00.787727
Open Door Talk: Doing your Doctorate at Freie Universität Berlin (online),https://www.drs.fu-berlin.de/en/node/98638,13.03.2024 - 14:00,13.03.2024 - 16:00,available,2025-09-16 12:05:00.787727
WRITING WEEK 2024 ( I ) - online,https://www.drs.fu-berlin.de/en/node/88654,11.03.2024 - 09:00,15.03.2024 - 17:00,waiting list,2025-09-16 12:05:00.787727
Secrets of Impactful Poster Design & Presentation - online,https://www.drs.fu-berlin.de/en/node/88859,05.03.2024 - 09:00,13.03.2024 - 12:00,waiting list,2025-09-16 12:05:00.787727
Deep Science Futures: An entry-level workshop for producing a better tomorrow with artificial intelligence (in person),https://www.drs.fu-berlin.de/en/node/97543,26.09.2024 - 09:00,26.09.2024 - 16:30,available,2025-09-16 12:05:00.787727
WRITING WEEK 2024 - 3   (online),https://www.drs.fu-berlin.de/en/node/92205,16.09.2024 - 09:00,20.09.2024 - 17:00,available,2025-09-16 12:05:00.787727
Preparing funding applications (online),https://www.drs.fu-berlin.de/en/node/95088,10.07.2024 - 09:00,11.07.2024 - 16:00,waiting list,2025-09-16 12:05:00.787727
Preparing for the disputation (online),https://www.drs.fu-berlin.de/en/node/95087,08.07.2024 - 09:00,09.07.2024 - 16:00,available,2025-09-16 12:05:00.787727
Secrets of Impactful Poster Design & Presentation  (online),https://www.drs.fu-berlin.de/en/node/91870,08.07.2024 - 09:00,16.07.2024 - 12:00,waiting list,2025-09-16 12:05:00.787727
Career Development: Writing a Great Cover Letter  (online),https://www.drs.fu-berlin.de/en/node/98884,05.07.2024 - 09:00,05.07.2024 - 11:30,waiting list,2025-09-16 12:05:00.787727
Career Development: Creating a Career Profile: Talking About Skills and Strengths  (online),https://www.drs.fu-berlin.de/en/node/98883,04.07.2024 - 12:00,04.07.2024 - 14:30,waiting list,2025-09-16 12:05:00.787727
Career Development: The Job Search: What's Out There?  (online),https://www.drs.fu-berlin.de/en/node/98882,04.07.2024 - 09:00,04.07.2024 - 11:30,waiting list,2025-09-16 12:05:00.787727
Research Integrity: Introduction to Data Management in Humanities and Social Sciences  (online),https://www.drs.fu-berlin.de/en/node/97495,04.07.2024 - 09:00,05.07.2024 - 12:00,waiting list,2025-09-16 12:05:00.787727
Scientific Writing: Towards Organization and Motivation  (online),https://www.drs.fu-berlin.de/en/node/92204,03.07.2024 - 09:00,04.07.2024 - 17:00,waiting list,2025-09-16 12:05:00.787727
Deep Science Futures: An entry-level workshop for producing a better tomorrow with artificial intelligence,https://www.drs.fu-berlin.de/en/node/97543,26.09.2024 - 09:00,26.09.2024 - 16:30,available,2025-09-16 12:05:00.787727
WRITING WEEK 2024 - 3,https://www.drs.fu-berlin.de/en/node/92205,16.09.2024 - 09:00,20.09.2024 - 17:00,available,2025-09-16 12:05:00.787727
Preparing funding applications,https://www.drs.fu-berlin.de/en/node/95088,10.07.2024 - 09:00,11.07.2024 - 16:00,waiting list,2025-09-16 12:05:00.787727
Preparing for the disputation,https://www.drs.fu-berlin.de/en/node/95087,08.07.2024 - 09:00,09.07.2024 - 16:00,available,2025-09-16 12:05:00.787727
Secrets of Impactful Poster Design & Presentation,https://www.drs.fu-berlin.de/en/node/91870,08.07.2024 - 09:00,16.07.2024 - 12:00,waiting list,2025-09-16 12:05:00.787727
Career Development: Writing a Great Cover Letter,https://www.drs.fu-berlin.de/en/node/98884,05.07.2024 - 09:00,05.07.2024 - 11:30,waiting list,2025-09-16 12:05:00.787727
Career Development: Creating a Career Profile: Talking About Skills and Strengths,https://www.drs.fu-berlin.de/en/node/98883,04.07.2024 - 12:00,04.07.2024 - 14:30,waiting list,2025-09-16 12:05:00.787727
Career Development: The Job Search: What's Out There?,https://www.drs.fu-berlin.de/en/node/98882,04.07.2024 - 09:00,04.07.2024 - 11:30,waiting list,2025-09-16 12:05:00.787727
Research Integrity: Introduction to Data Management in Humanities and Social Sciences,https://www.drs.fu-berlin.de/en/node/97495,04.07.2024 - 09:00,05.07.2024 - 12:00,waiting list,2025-09-16 12:05:00.787727
Scientific Writing: Towards Organization and Motivation,https://www.drs.fu-berlin.de/en/node/92204,03.07.2024 - 09:00,04.07.2024 - 17:00,waiting list,2025-09-16 12:05:00.787727
Self-care during your doctorate,https://www.drs.fu-berlin.de/en/node/99090,05.07.2024 - 10:15,05.07.2024 - 11:45,available,2025-09-16 12:05:00.787727
"Open Door Talk: ""What's Next Doc?"" by Research Division of Freie Universität  (in person)",https://www.drs.fu-berlin.de/en/node/98679,10.07.2024 - 14:00,10.07.2024 - 16:00,available,2025-09-16 12:05:00.787727
Open Door Talk: Self-care during your doctorate,https://www.drs.fu-berlin.de/en/node/99090,05.07.2024 - 10:15,05.07.2024 - 11:45,available,2025-09-16 12:05:00.787727
"Open Door Talk: ""What's Next Doc?"" by Research Division of Freie Universität",https://www.drs.fu-berlin.de/en/node/98679,10.07.2024 - 14:00,10.07.2024 - 16:00,available,2025-09-16 12:05:00.787727
"""What's Next Doc?"" by Research Division of Freie Universität",https://www.drs.fu-berlin.de/en/node/98679,10.07.2024 - 14:00,10.07.2024 - 16:00,available,2025-09-16 12:05:00.787727
WRITING WEEK 2024 - 3  (organized by FU Berlin),https://www.drs.fu-berlin.de/en/node/92205,16.09.2024 - 09:00,20.09.2024 - 17:00,waiting list,2025-09-16 12:05:00.787727
CAREER DAY (organized by HU Berlin),https://www.drs.fu-berlin.de/en/node/101962,28.01.2025 - 09:00,28.01.2025 - 17:00,unavailable,2025-09-16 12:05:00.787727
(IN)CREDIBLE RESEARCH CONFERENCE (organized by CHARITÉ),https://www.drs.fu-berlin.de/en/node/101934,10.10.2024 - 09:00,11.10.2024 - 17:00,unavailable,2025-09-16 12:05:00.787727
Career Development: Writing a Great Cover Letter,https://www.drs.fu-berlin.de/en/node/102095,25.10.2024 - 09:00,25.10.2024 - 11:30,available,2025-09-16 12:05:00.787727
WRITING CAFÉ - start your day writing!,https://www.drs.fu-berlin.de/en/node/102032,16.01.2025 - 09:00,06.03.2025 - 11:00,available,2025-09-16 12:05:00.787727
The Convincing Exposé,https://www.drs.fu-berlin.de/en/node/102268,12.12.2024 - 13:00,12.12.2024 - 16:00,available,2025-09-16 12:05:00.787727
Writer's Block and Procrastination,https://www.drs.fu-berlin.de/en/node/102267,12.12.2024 - 09:00,12.12.2024 - 12:00,available,2025-09-16 12:05:00.787727
Creative Writing for Academics - online,https://www.drs.fu-berlin.de/en/node/92214,10.12.2024 - 13:00,10.12.2024 - 16:00,available,2025-09-16 12:05:00.787727
Collaborative Writing,https://www.drs.fu-berlin.de/en/node/102266,10.12.2024 - 09:00,10.12.2024 - 12:00,available,2025-09-16 12:05:00.787727
Getting Organized: Modern Knowledge Management for Researchers,https://www.drs.fu-berlin.de/en/node/102265,06.12.2024 - 09:00,13.12.2024 - 13:00,available,2025-09-16 12:05:00.787727
Starting Your Project With Success,https://www.drs.fu-berlin.de/en/node/102264,05.12.2024 - 09:30,05.12.2024 - 17:00,available,2025-09-16 12:05:00.787727
WRITING WEEK 2024 - 4 (organized by FU Berlin),https://www.drs.fu-berlin.de/en/node/101963,02.12.2024 - 09:00,06.12.2024 - 17:00,available,2025-09-16 12:05:00.787727
Deep Science Futures: An entry-level workshop for producing a better tomorrow with artificial intelligence,https://www.drs.fu-berlin.de/en/node/102263,27.11.2024 - 09:00,27.11.2024 - 16:30,available,2025-09-16 12:05:00.787727
WRITING WEEK 2025 - 1 (organized by FU Berlin),https://www.drs.fu-berlin.de/en/node/101964,10.03.2025 - 09:00,12.03.2025 - 12:30,available,2025-09-16 12:05:00.787727
Writing Abstracts,https://www.drs.fu-berlin.de/en/node/102731,06.12.2024 - 09:00,06.12.2024 - 12:00,available,2025-09-16 12:05:00.787727
Research Integrity: Artificial Intelligence Tools - Responsible Use & Applications in Research and Academia,https://www.drs.fu-berlin.de/en/node/102734,21.01.2025 - 09:00,21.01.2025 - 16:00,available,2025-09-16 12:05:00.787727
Individual Consultation on Your Writing,https://www.drs.fu-berlin.de/en/node/102732,05.12.2024 - 13:00,05.12.2024 - 16:00,available,2025-09-16 12:05:00.787727
Research Integrity: Good Scientific Practice for Natural and Life Sciences,https://www.drs.fu-berlin.de/en/node/102782,22.01.2025 - 10:00,22.01.2025 - 17:00,available,2025-09-16 12:05:00.787727
Research Integrity: Me and My Supervisor,https://www.drs.fu-berlin.de/en/node/102790,07.01.2025 - 10:00,07.01.2025 - 12:00,available,2025-09-16 12:05:00.787727
Research Integrity: Probands,https://www.drs.fu-berlin.de/en/node/102800,28.01.2025 - 10:00,28.01.2025 - 12:00,available,2025-09-16 12:05:00.787727
Research Integrity: Research Data,https://www.drs.fu-berlin.de/en/node/102787,21.01.2025 - 10:00,21.01.2025 - 12:00,available,2025-09-16 12:05:00.787727
Good Scientific Practice for Natural and Life Sciences,https://www.drs.fu-berlin.de/en/node/102782,22.01.2025 - 10:00,22.01.2025 - 17:00,available,2025-09-16 12:05:00.787727
Artificial Intelligence Tools - Responsible Use & Applications in Research and Academia,https://www.drs.fu-berlin.de/en/node/102734,21.01.2025 - 09:00,21.01.2025 - 16:00,available,2025-09-16 12:05:00.787727
"""What's Next Doc?"" by Research Division of Freie Universität",https://www.drs.fu-berlin.de/en/node/102817,12.02.2025 - 14:00,12.02.2025 - 16:00,available,2025-09-16 12:05:00.787727
Self-care during your doctorate,https://www.drs.fu-berlin.de/en/node/102816,31.01.2025 - 09:00,31.01.2025 - 12:00,available,2025-09-16 12:05:00.787727
Open Door Talk: Doing your Doctorate at Freie Universität Berlin?,https://www.drs.fu-berlin.de/en/node/98638,13.03.2024 - 14:00,13.03.2024 - 16:00,available,2025-09-16 12:05:00.787727
Getting Organized : Modern Knowledge Management for Researchers - online,https://www.drs.fu-berlin.de/en/node/103979,21.03.2025 - 09:00,24.03.2025 - 13:00,available,2025-09-16 12:05:00.787727
Good Scientific Practice – Ethical Challenges and Strategies,https://www.drs.fu-berlin.de/en/node/103937,10.02.2025 - 09:00,11.02.2025 - 13:00,available,2025-09-16 12:05:00.787727
Reflect on Your Writing,https://www.drs.fu-berlin.de/en/node/102735,14.03.2025 - 14:00,14.03.2025 - 15:00,available,2025-09-16 12:05:00.787727
Getting Organized : Modern Knowledge Management for Researchers,https://www.drs.fu-berlin.de/en/node/103979,21.03.2025 - 09:00,24.03.2025 - 13:00,available,2025-09-16 12:05:00.787727
Creative Writing for Academics,https://www.drs.fu-berlin.de/en/node/92214,14.03.2025 - 09:00,14.03.2025 - 12:00,available,2025-09-16 12:05:00.787727
Getting Organized: Modern Knowledge Management for Researchers,https://www.drs.fu-berlin.de/en/node/103979,21.03.2025 - 09:00,24.03.2025 - 13:00,available,2025-09-16 12:05:00.787727
Good Scientific Practice - Ethical Challenges and Strategies,https://www.drs.fu-berlin.de/en/node/103937,10.02.2025 - 09:00,11.02.2025 - 13:00,available,2025-09-16 12:05:00.787727
Mini Workshop: Probands,https://www.drs.fu-berlin.de/en/node/102800,28.01.2025 - 10:00,28.01.2025 - 12:00,available,2025-09-16 12:05:00.787727
Probands,https://www.drs.fu-berlin.de/en/node/102800,28.01.2025 - 10:00,28.01.2025 - 12:00,available,2025-09-16 12:05:00.787727
Doing Research with Probands,https://www.drs.fu-berlin.de/en/node/102800,28.01.2025 - 10:00,28.01.2025 - 12:00,available,2025-09-16 12:05:00.787727
To use or not to use? Potentials and pitfalls of using AI-tools in (literature) research,https://www.drs.fu-berlin.de/en/node/105569,30.01.2025 - 10:00,30.01.2025 - 13:00,available,2025-09-16 12:05:00.787727
How to check the quality of academic pubications,https://www.drs.fu-berlin.de/en/node/105568,29.01.2025 - 14:00,29.01.2025 - 16:00,available,2025-09-16 12:05:00.787727
How to check the quality of academic publications,https://www.drs.fu-berlin.de/en/node/105568,29.01.2025 - 14:00,29.01.2025 - 16:00,available,2025-09-16 12:05:00.787727
MENTAL HEALTH DAYS  (organized by TU Berlin),https://www.drs.fu-berlin.de/en/node/115555,11.03.2026 - 09:00,12.03.2026 - 17:00,unavailable,2025-09-16 12:05:00.787727
Research Integrity: Introduction to Data Management in Natural and Life Sciences / 26-3-DMN-2,https://www.drs.fu-berlin.de/en/node/115551,10.03.2026 - 09:00,11.03.2026 - 12:00,available,2025-09-16 12:05:00.787727
Writing Week 2026-1 / 26-3-WW-3,https://www.drs.fu-berlin.de/en/node/115547,02.03.2026 - 09:00,06.03.2026 - 15:00,available,2025-09-16 12:05:00.787727
Gute Wissenschaftliche Praxis: Ehtische Herausforderungen und Strategien / 26-2-We-2,https://www.drs.fu-berlin.de/en/node/115541,09.02.2026 - 09:00,10.02.2026 - 13:00,available,2025-09-16 12:05:00.787727
Getting Organized: Modern Knowledge Management for Researchers / 26-2-GO-1,https://www.drs.fu-berlin.de/en/node/115540,04.02.2026 - 09:00,04.02.2026 - 17:00,available,2025-09-16 12:05:00.787727
Good Scientific Practice for Natural and Life Sciences / 26-2-SPN-2,https://www.drs.fu-berlin.de/en/node/115546,03.02.2026 - 10:00,03.02.2026 - 17:00,unavailable,2025-09-16 12:05:00.787727
CAREER DAY (organized by HU Berlin),https://www.drs.fu-berlin.de/en/node/115496,29.01.2026 - 09:00,29.01.2026 - 17:00,unavailable,2025-09-16 12:05:00.787727
"Presenting with Confidence: Work on Body, Voice and Charisma / 26-1-PC-5",https://www.drs.fu-berlin.de/en/node/115492,14.01.2026 - 09:00,14.01.2026 - 17:00,available,2025-09-16 12:05:00.787727
Research Integrity: Doing Research with Probands / 26-1-PR-2,https://www.drs.fu-berlin.de/en/node/115490,12.01.2026 - 12:00,12.01.2026 - 14:00,available,2025-09-16 12:05:00.787727
Research Integrity: Joint Authorship / 26-1-Au-2,https://www.drs.fu-berlin.de/en/node/115491,12.01.2026 - 09:30,12.01.2026 - 11:30,available,2025-09-16 12:05:00.787727
Writing Week 2025 - 4 / 25-12-WW-3,https://www.drs.fu-berlin.de/en/node/115847,08.12.2025 - 09:00,12.12.2025 - 15:00,available,2025-09-16 12:05:00.787727
Individual Consultation on your writing / 25-12-IC-3,https://www.drs.fu-berlin.de/en/node/115545,05.12.2025 - 13:00,05.12.2025 - 16:00,available,2025-09-16 12:05:00.787727
The Convincing Exposé / 25-12-CE-3,https://www.drs.fu-berlin.de/en/node/115543,05.12.2025 - 09:00,05.12.2025 - 12:00,available,2025-09-16 12:05:00.787727
An Introduction to Good Scientific Practice and Scientific Misconduct / 25-12-SM-2,https://www.drs.fu-berlin.de/en/node/115446,02.12.2025 - 09:00,03.12.2025 - 12:00,available,2025-09-16 12:05:00.787727
KICK OFF YOUR DOCTORATE (organized by FU Berlin) / 25-12-KO-1,https://www.drs.fu-berlin.de/en/node/115447,01.12.2025 - 14:00,03.12.2025 - 12:15,available,2025-09-16 12:05:00.787727
"Time and Activity Management, Prioritization and Mindfulness / 25-12-TAM-2",https://www.drs.fu-berlin.de/en/node/115445,01.12.2025 - 09:00,02.12.2025 - 12:00,available,2025-09-16 12:05:00.787727
Open Door Talk: Die Publikation der Dissertation im Fachverlag: Q&A mit Verlagsvertreter*innen,https://www.drs.fu-berlin.de/en/node/115716,26.11.2025 - 14:00,26.11.2025 - 16:00,available,2025-09-16 12:05:00.787727
Basics of Business Administration / 25-11-BA-5,https://www.drs.fu-berlin.de/en/node/115443,26.11.2025 - 09:00,27.11.2025 - 17:00,available,2025-09-16 12:05:00.787727
“Presentation Skills: Engaging your listener in your talk” for doctoral researchers in the social science and humanities / 25-11-PS-5,https://www.drs.fu-berlin.de/en/node/115444,24.11.2025 - 09:00,25.11.2025 - 17:00,available,2025-09-16 12:05:00.787727
Grant Proposal Writing / 25-11-GP-5,https://www.drs.fu-berlin.de/en/node/115441,20.11.2025 - 09:00,28.11.2025 - 12:30,available,2025-09-16 12:05:00.787727
ERFOLGREICH IN DIE PROMOTION (organisiert von der TU BERLIN) / 25-11-KO-1,https://www.drs.fu-berlin.de/en/node/115440,19.11.2025 - 14:00,21.11.2025 - 12:15,unavailable,2025-09-16 12:05:00.787727
Open Door Talk: Publishing Your Dissertation in Open Access,https://www.drs.fu-berlin.de/en/node/115710,19.11.2025 - 14:00,19.11.2025 - 16:00,available,2025-09-16 12:05:00.787727
"Open Door Talk: ""What's Next Doc?"" by Research Division of Freie Universität",https://www.drs.fu-berlin.de/en/node/115812,13.11.2025 - 14:00,13.11.2025 - 16:00,available,2025-09-16 12:05:00.787727
Scientific Argumentation: Critical Reasoning and Logic / 25-11-CR-3,https://www.drs.fu-berlin.de/en/node/115442,10.11.2025 - 09:00,11.11.2025 - 15:00,available,2025-09-16 12:05:00.787727
Deep Work Essentials: Finding Focus While Navigating Care Work,https://www.drs.fu-berlin.de/en/node/115805,06.11.2025 - 09:30,07.11.2025 - 14:00,available,2025-09-16 12:05:00.787727
"Presenting with Confidence: Work on Body, Voice and Charisma / 25-11-PC-5",https://www.drs.fu-berlin.de/en/node/115439,06.11.2025 - 09:00,06.11.2025 - 16:00,available,2025-09-16 12:05:00.787727
Good scientific practice in the context of power dynamics / 25-11-P-2,https://www.drs.fu-berlin.de/en/node/115834,05.11.2025 - 09:00,05.11.2025 - 16:00,available,2025-09-16 12:05:00.787727
Preparing Funding Applications / 25-11-FA-5,https://www.drs.fu-berlin.de/en/node/115436,03.11.2025 - 09:00,04.11.2025 - 16:00,available,2025-09-16 12:05:00.787727
Science Communication and Public Engagement / 25-10-PE-5,https://www.drs.fu-berlin.de/en/node/115430,22.10.2025 - 09:30,23.10.2025 - 13:00,available,2025-09-16 12:05:00.787727
Mastering Journal Publication & Peer Review: Strategies for Success in the Natural and Life Sciences / 25-10-JP-3,https://www.drs.fu-berlin.de/en/node/115403,15.10.2025 - 09:00,16.10.2025 - 13:00,available,2025-09-16 12:05:00.787727
An Introduction to Good Scientific Practice and Scientific Misconduct / 25-10-SM-2,https://www.drs.fu-berlin.de/en/node/115402,14.10.2025 - 09:00,15.10.2025 - 12:00,available,2025-09-16 12:05:00.787727
Artificial Intelligence Tools - Responsible Use & Applications in Research and Academia / 25-10-AI-2,https://www.drs.fu-berlin.de/en/node/115401,08.10.2025 - 09:00,08.10.2025 - 16:00,available,2025-09-16 12:05:00.787727
Understanding Visual Communication / 25-10-UVC-5,https://www.drs.fu-berlin.de/en/node/115400,06.10.2025 - 09:00,07.10.2025 - 12:00,available,2025-09-16 12:05:00.787727
Individual Consultation on Your Writing / 25-9-IC-3,https://www.drs.fu-berlin.de/en/node/112257,26.09.2025 - 09:00,26.09.2025 - 12:00,waiting list,2025-09-16 12:05:00.787727
Writer's Block and Procrastination  /25-9-WB-3,https://www.drs.fu-berlin.de/en/node/108621,25.09.2025 - 13:00,25.09.2025 - 16:00,waiting list,2025-09-16 12:05:00.787727
Individual Consultation on your Writing / 25-9-IC-3,https://www.drs.fu-berlin.de/en/node/112509,25.09.2025 - 09:00,25.09.2025 - 17:00,available,2025-09-16 12:05:00.787727
Writing Abstracts  / 25-9-WA-3,https://www.drs.fu-berlin.de/en/node/108619,25.09.2025 - 09:00,25.09.2025 - 12:00,waiting list,2025-09-16 12:05:00.787727
WRITING WEEK 2025 - 3 / 25-9-WW-3,https://www.drs.fu-berlin.de/en/node/108887,22.09.2025 - 09:00,26.09.2025 - 15:00,waiting list,2025-09-16 12:05:00.787727
Deep Science Futures with AI: An Ideation Workshop for Producing a Better Tomorrow,https://www.drs.fu-berlin.de/en/node/115106,02.09.2025 - 09:30,02.09.2025 - 17:00,available,2025-09-16 12:05:00.787727
Secrets of Impactful Poster Design  / 25-9-PD-5a,https://www.drs.fu-berlin.de/en/node/115302,01.09.2025 - 09:00,10.09.2025 - 12:00,waiting list,2025-09-16 12:05:00.787727
Secrets of Impactful Poster Design / 25-9-PD-5,https://www.drs.fu-berlin.de/en/node/110981,01.09.2025 - 09:00,09.09.2025 - 12:00,waiting list,2025-09-16 12:05:00.787727
"Time and Activity Management, Prioritization and Mindfulness / 25-7-TAM-4",https://www.drs.fu-berlin.de/en/node/111204,07.07.2025 - 09:00,08.07.2025 - 12:00,waiting list,2025-09-16 12:05:00.787727
Research Integrity: Introduction to Data Management in Humanities and Social Sciences / 25-7-DM-2,https://www.drs.fu-berlin.de/en/node/108023,03.07.2025 - 09:00,04.07.2025 - 12:00,waiting list,2025-09-16 12:05:00.787727
Artificial Intelligence Tools - Responsible Use & Applications in Research and Academia /25-7-AI-2,https://www.drs.fu-berlin.de/en/node/106872,02.07.2025 - 09:00,02.07.2025 - 16:00,waiting list,2025-09-16 12:05:00.787727
Self Marketing / 25-6-Ma-5,https://www.drs.fu-berlin.de/en/node/112262,26.06.2025 - 09:00,26.06.2025 - 17:00,waiting list,2025-09-16 12:05:00.787727
"Presenting with Confidence: Work on Body, Voice and Charisma / 25-6-PC-5",https://www.drs.fu-berlin.de/en/node/111378,23.06.2025 - 09:00,23.06.2025 - 16:00,waiting list,2025-09-16 12:05:00.787727
Individual Consultation on Your Writing / 25-6-IC-3,https://www.drs.fu-berlin.de/en/node/112256,20.06.2025 - 09:00,20.06.2025 - 12:00,waiting list,2025-09-16 12:05:00.787727
Creative Writing for Academics / 25-6-CW-3,https://www.drs.fu-berlin.de/en/node/108598,19.06.2025 - 13:00,19.06.2025 - 16:00,waiting list,2025-09-16 12:05:00.787727
The Convincing Exposé  / 25-6-CE-3,https://www.drs.fu-berlin.de/en/node/108027,19.06.2025 - 09:00,19.06.2025 - 12:00,available,2025-09-16 12:05:00.787727
Go-Out-Tag: Going Abroad – Options for Doctoral Researchers,https://www.drs.fu-berlin.de/en/node/115073,18.06.2025 - 16:00,18.06.2025 - 17:00,available,2025-09-16 12:05:00.787727
WRITING WEEK 2025  - 2 / 25-6-WW-3,https://www.drs.fu-berlin.de/en/node/108021,16.06.2025 - 09:00,20.06.2025 - 15:00,available,2025-09-16 12:05:00.787727
Getting Organized: Modern Knowledge Management for Researchers / 25-6-GO-1,https://www.drs.fu-berlin.de/en/node/112252,13.06.2025 - 09:00,13.06.2025 - 17:00,waiting list,2025-09-16 12:05:00.787727
Preparing for the Disputation / 25-6-PfD-5,https://www.drs.fu-berlin.de/en/node/112261,11.06.2025 - 09:00,12.06.2025 - 16:00,waiting list,2025-09-16 12:05:00.787727
Dealing with Imposter Syndrome / 25-6-IS-4,https://www.drs.fu-berlin.de/en/node/108053,04.06.2025 - 09:00,05.06.2025 - 12:30,waiting list,2025-09-16 12:05:00.787727
Einführung in gute wissenschaftliche Praxis und wissenschaftliches Fehlverhalten/ 25-6-SM-2,https://www.drs.fu-berlin.de/en/node/108642,03.06.2025 - 09:00,04.06.2025 - 12:00,waiting list,2025-09-16 12:05:00.787727
Gute Wissenschaftliche Praxis: Ehtische Herausforderungen und Strategien / 25-6-We-2,https://www.drs.fu-berlin.de/en/node/112560,03.06.2025 - 09:00,04.06.2025 - 13:00,waiting list,2025-09-16 12:05:00.787727
Wirtschaftswissen kompakt / 25-5-WK-5,https://www.drs.fu-berlin.de/en/node/112259,26.05.2025 - 09:00,27.05.2025 - 16:00,available,2025-09-16 12:05:00.787727
(Science) Communication as a Door-Opener to Research Funding / 25-5-SC-5,https://www.drs.fu-berlin.de/en/node/112712,22.05.2025 - 09:30,23.05.2025 - 13:00,waiting list,2025-09-16 12:05:00.787727
Grant Proposal Writing / 25-5-GP-5,https://www.drs.fu-berlin.de/en/node/108020,21.05.2025 - 09:00,05.06.2025 - 12:30,waiting list,2025-09-16 12:05:00.787727
Open Door Talk: Doctoral Research and Care Responsibility,https://www.drs.fu-berlin.de/en/node/112581,20.05.2025 - 10:00,20.05.2025 - 12:00,available,2025-09-16 12:05:00.787727
Research Integrity: Introduction to Data Management in Natural and Life Sciences / 25-5-DMN-2,https://www.drs.fu-berlin.de/en/node/112504,19.05.2025 - 09:00,20.05.2025 - 12:00,waiting list,2025-09-16 12:05:00.787727
KI und kompetente Autorenschaft im wissenschaftlichen Schreiben / 25-5-KA-3,https://www.drs.fu-berlin.de/en/node/112260,14.05.2025 - 09:00,14.05.2025 - 17:00,waiting list,2025-09-16 12:05:00.787727
Good Scientific Practice for Natural and Life Sciences / 25-5-SPN-2,https://www.drs.fu-berlin.de/en/node/106879,13.05.2025 - 10:00,13.05.2025 - 17:00,waiting list,2025-09-16 12:05:00.787727
Preparing Funding Applications / 25-5-FA-1,https://www.drs.fu-berlin.de/en/node/112258,07.05.2025 - 09:00,09.05.2025 - 16:00,waiting list,2025-09-16 12:05:00.787727
Time Management:Achieving your goals a day at a time / 25-5-TM-1,https://www.drs.fu-berlin.de/en/node/108644,06.05.2025 - 13:00,28.05.2025 - 15:30,waiting list,2025-09-16 12:05:00.787727
Understanding Visual Communication / 25-5-UVC-5,https://www.drs.fu-berlin.de/en/node/110983,05.05.2025 - 09:00,06.05.2025 - 12:00,waiting list,2025-09-16 12:05:00.787727
Self-care during your doctorate/ 25-4-Sc-2,https://www.drs.fu-berlin.de/en/node/106815,30.04.2025 - 09:00,30.04.2025 - 12:00,available,2025-09-16 12:05:00.787727
Publikationsstrategien für Geisteswissenschaftler*innen,https://www.drs.fu-berlin.de/en/node/113257,28.04.2025 - 10:00,28.04.2025 - 12:00,available,2025-09-16 12:05:00.787727
Mastering Journal Publication & Peer Review: Strategies for Success in the Natural and Life Sciences / 25-4-JP-3,https://www.drs.fu-berlin.de/en/node/108019,09.04.2025 - 09:00,10.04.2025 - 13:00,waiting list,2025-09-16 12:05:00.787727
An Introduction to Good Scientific Practice and Scientific Misconduct / 25-4-SM-2,https://www.drs.fu-berlin.de/en/node/108640,08.04.2025 - 09:00,09.04.2025 - 12:00,waiting list,2025-09-16 12:05:00.787727
"Presenting with Confidence: Work on Body, Voice and Charisma / 25-4-PC-5",https://www.drs.fu-berlin.de/en/node/106873,04.04.2025 - 09:00,04.04.2025 - 16:00,waiting list,2025-09-16 12:05:00.787727
Happiness AHOY-Strengthened and healthy through the doctoral thesis,https://www.drs.fu-berlin.de/en/node/112696,02.04.2025 - 09:30,03.04.2025 - 17:30,available,2025-09-16 12:05:00.787727
GLÜCK AHOI - Gestärkt und gesund durch die Promotion,https://www.drs.fu-berlin.de/en/node/112695,02.04.2025 - 09:00,03.04.2025 - 17:30,available,2025-09-16 12:05:00.787727
Scientific Argumentation: Critical Reasoning and Logic / 25-4-SA-3,https://www.drs.fu-berlin.de/en/node/108024,01.04.2025 - 09:00,02.04.2025 - 15:00,waiting list,2025-09-16 12:05:00.787727
Secrets of Impactful Poster Design / 25-3-PD-5,https://www.drs.fu-berlin.de/en/node/110982,31.03.2025 - 09:00,08.04.2025 - 12:00,waiting list,2025-09-16 12:05:00.787727
Doing your Doctorate at FU Berlin,https://www.drs.fu-berlin.de/en/node/102718,26.03.2025 - 14:00,26.03.2025 - 16:00,available,2025-09-16 12:05:00.787727
Kick Off Your Doctorate: Retreat for new doctoral students (EN - organized by the HU),https://www.drs.fu-berlin.de/en/node/112693,26.03.2025 - 14:00,28.03.2025 - 12:15,available,2025-09-16 12:05:00.787727
Kick Off Your Docterate: Erfolgreich in die Promotion - Retreat in Präsenz (DE - organized by HU),https://www.drs.fu-berlin.de/en/node/112694,24.03.2025 - 14:00,26.03.2025 - 12:15,unavailable,2025-09-16 12:05:00.787727
Getting Organized: Modern Knowledge Management for Researchers / 25-3-GO-1,https://www.drs.fu-berlin.de/en/node/103979,21.03.2025 - 09:00,24.03.2025 - 13:00,waiting list,2025-09-16 12:05:00.787727
"Support Group for Doctoral Candidates – ""PeerhD – Peer Support in the Humanities""",https://www.drs.fu-berlin.de/en/node/112746,19.03.2025 - 18:15,09.04.2025 - 22:15,unavailable,2025-09-16 12:05:00.787727
Creative Writing for Academics / 25-3-CW-3,https://www.drs.fu-berlin.de/en/node/92214,14.03.2025 - 09:00,14.03.2025 - 12:00,waiting list,2025-09-16 12:05:00.787727
Writer's Block and Procrastination / 25-3-WB-3,https://www.drs.fu-berlin.de/en/node/102267,13.03.2025 - 13:30,13.03.2025 - 16:30,waiting list,2025-09-16 12:05:00.787727
Writing Abstracts / 25-3-WA-3,https://www.drs.fu-berlin.de/en/node/102731,13.03.2025 - 09:00,13.03.2025 - 12:00,waiting list,2025-09-16 12:05:00.787727
WRITING WEEK 2025 - 1 (organized by FU Berlin) / 25-3-WW-3,https://www.drs.fu-berlin.de/en/node/101964,10.03.2025 - 09:00,14.03.2025 - 15:00,available,2025-09-16 12:05:00.787727
Success Teams II Peer Support Group / 25-2-ST-1,https://www.drs.fu-berlin.de/en/node/109289,18.02.2025 - 09:00,08.04.2025 - 11:30,available,2025-09-16 12:05:00.787727
Good Scientific Practice - Ethical Challenges and Strategies / 25-2-EC-2,https://www.drs.fu-berlin.de/en/node/103937,10.02.2025 - 09:00,11.02.2025 - 13:00,waiting list,2025-09-16 12:05:00.787727
Self-care during your doctorate/ 25-1-Sc-4,https://www.drs.fu-berlin.de/en/node/102816,31.01.2025 - 09:00,31.01.2025 - 12:00,waiting list,2025-09-16 12:05:00.787727
Doing Research with Probands / 25-2-Pr-1,https://www.drs.fu-berlin.de/en/node/102800,28.01.2025 - 10:00,28.01.2025 - 12:00,available,2025-09-16 12:05:00.787727
Good Scientific Practice for Natural and Life Sciences / 25-2-SPN-2,https://www.drs.fu-berlin.de/en/node/102782,22.01.2025 - 10:00,22.01.2025 - 17:00,waiting list,2025-09-16 12:05:00.787727
Dealing with Research Data / 25-2-RD-2,https://www.drs.fu-berlin.de/en/node/102787,21.01.2025 - 10:00,21.01.2025 - 12:00,waiting list,2025-09-16 12:05:00.787727
Artificial Intelligence Tools - Responsible Use & Applications in Research and Academia /25-2-AI-2,https://www.drs.fu-berlin.de/en/node/102734,21.01.2025 - 09:00,21.01.2025 - 16:00,waiting list,2025-09-16 12:05:00.787727
Material crisis and loss of motivation during the doctorate? / 25-7-MC-4,https://www.drs.fu-berlin.de/en/node/102815,16.01.2025 - 13:00,16.01.2025 - 15:00,available,2025-09-16 12:05:00.787727
WRITING CAFÉ - start your day writing! / 25-3-WC-3,https://www.drs.fu-berlin.de/en/node/102032,16.01.2025 - 09:00,06.03.2025 - 11:00,waiting list,2025-09-16 12:05:00.787727
Joint Authorship / 25-2-Au-2,https://www.drs.fu-berlin.de/en/node/102786,14.01.2025 - 10:00,14.01.2025 - 12:00,waiting list,2025-09-16 12:05:00.787727
Success Teams I Peer Support Group / 25-1-ST-1,https://www.drs.fu-berlin.de/en/node/103963,13.01.2025 - 09:00,24.03.2025 - 11:30,available,2025-09-16 12:05:00.787727
Publikationsstrategien für Geisteswissenschaftler*innen /  25-3-PG-3,https://www.drs.fu-berlin.de/en/node/104335,09.01.2025 - 10:00,09.01.2025 - 12:00,available,2025-09-16 12:05:00.787727
"The supervisor relationship: ""Me and My Supervisor"" / 25-1-SR-2",https://www.drs.fu-berlin.de/en/node/102790,07.01.2025 - 10:00,07.01.2025 - 12:00,waiting list,2025-09-16 12:05:00.787727
Empowerment workshop for all doctoral researchers with care responsibilities,https://www.drs.fu-berlin.de/en/node/104268,10.12.2024 - 09:00,17.12.2024 - 12:30,available,2025-09-16 12:05:00.787727
Writing Abstracts,https://www.drs.fu-berlin.de/en/node/104127,06.12.2024 - 09:00,06.12.2024 - 12:00,waiting list,2025-09-16 12:05:00.787727
Starting your Project with Success / 25-1-SP-1,https://www.drs.fu-berlin.de/en/node/102264,05.12.2024 - 09:30,05.12.2024 - 17:00,waiting list,2025-09-16 12:05:00.787727
Introduction and Conclusion in Academic Texts,https://www.drs.fu-berlin.de/en/node/102730,05.12.2024 - 09:00,05.12.2024 - 12:00,waiting list,2025-09-16 12:05:00.787727
ERFOLGREICH IN DIE PROMOTION (organisiert von der TU BERLIN),https://www.drs.fu-berlin.de/en/node/101961,27.11.2024 - 14:00,29.11.2024 - 12:15,unavailable,2025-09-16 12:05:00.787727
KICK OFF YOUR DOCTORATE (organized by FU Berlin),https://www.drs.fu-berlin.de/en/node/91864,25.11.2024 - 14:00,27.11.2024 - 12:15,waiting list,2025-09-16 12:05:00.787727
Meine Kompetenzen erkennen – Frühzeitig mit meinen Stärken arbeiten,https://www.drs.fu-berlin.de/en/node/102814,21.11.2024 - 09:00,21.11.2024 - 12:30,available,2025-09-16 12:05:00.787727
Mastering Journal Publication & Peer Review: Strategies for Success in the Natural and Life Sciences,https://www.drs.fu-berlin.de/en/node/92209,13.11.2024 - 09:00,14.11.2024 - 13:00,waiting list,2025-09-16 12:05:00.787727
(Science) Communication as a Door-Opener to Research Funding,https://www.drs.fu-berlin.de/en/node/102291,12.11.2024 - 09:00,12.11.2024 - 17:00,waiting list,2025-09-16 12:05:00.787727
Basics of Business Administration,https://www.drs.fu-berlin.de/en/node/102366,11.11.2024 - 09:00,12.11.2024 - 17:00,available,2025-09-16 12:05:00.787727
Secrets of Impactful Poster Design & Presentation,https://www.drs.fu-berlin.de/en/node/91871,11.11.2024 - 09:00,19.11.2024 - 12:00,waiting list,2025-09-16 12:05:00.787727
Preparing funding applications,https://www.drs.fu-berlin.de/en/node/102261,06.11.2024 - 09:00,07.11.2024 - 16:00,waiting list,2025-09-16 12:05:00.787727
Grant Proposal Writing,https://www.drs.fu-berlin.de/en/node/91862,28.10.2024 - 09:00,05.11.2024 - 12:30,waiting list,2025-09-16 12:05:00.787727
Writing a Great Cover Letter,https://www.drs.fu-berlin.de/en/node/102095,25.10.2024 - 09:00,25.10.2024 - 11:30,waiting list,2025-09-16 12:05:00.787727
Scientific Argumentation: Critical Reasoning and Logic,https://www.drs.fu-berlin.de/en/node/102259,14.10.2024 - 09:00,15.10.2024 - 15:00,waiting list,2025-09-16 12:05:00.787727
WRITING CAFÉ - just write!,https://www.drs.fu-berlin.de/en/node/102031,10.10.2024 - 18:00,28.11.2024 - 20:00,waiting list,2025-09-16 12:05:00.787727
"Time & Activity Management, Prioritization and Mindfulness",https://www.drs.fu-berlin.de/en/node/91866,07.10.2024 - 09:00,08.10.2024 - 12:00,waiting list,2025-09-16 12:05:00.787727
"Presenting with confidence: Work on Body, Voice and Charisma",https://www.drs.fu-berlin.de/en/node/102262,01.10.2024 - 09:00,01.10.2024 - 16:00,waiting list,2025-09-16 12:05:00.787727
MENTAL HEALTH DAYS  (organized by TU Berlin),https://www.drs.fu-berlin.de/en/node/101935,11.09.2024 - 09:30,24.10.2024 - 12:30,unavailable,2025-09-16 12:05:00.787727
Getting Organized: Modern Knowledge Management for Researchers,https://www.drs.fu-berlin.de/en/node/91863,28.06.2024 - 09:00,05.07.2024 - 17:00,waiting list,2025-09-16 12:05:00.787727
Navigating Challenges: Navigating the Academic Job Market in Germany for International Students,https://www.drs.fu-berlin.de/en/node/98619,27.06.2024 - 13:00,27.06.2024 - 15:30,waiting list,2025-09-16 12:05:00.787727
"Start your Doctorate Prepared: Mindsets, Tools & Processes",https://www.drs.fu-berlin.de/en/node/97309,27.06.2024 - 09:00,27.06.2024 - 17:00,waiting list,2025-09-16 12:05:00.787727
Keeping your Talk fresh,https://www.drs.fu-berlin.de/en/node/95084,25.06.2024 - 09:00,25.06.2024 - 17:00,waiting list,2025-09-16 12:05:00.787727
Course Management-test-SoSe2021,https://www.drs.fu-berlin.de/en/node/53069,22.06.2024 - 00:00,09.07.2024 - 17:00,available,2025-09-16 12:05:00.787727
Introduction and Conclusion in Academics Texts,https://www.drs.fu-berlin.de/en/node/92046,21.06.2024 - 13:30,21.06.2024 - 17:00,waiting list,2025-09-16 12:05:00.787727
The convincing Exposé,https://www.drs.fu-berlin.de/en/node/92222,21.06.2024 - 09:00,21.06.2024 - 12:30,waiting list,2025-09-16 12:05:00.787727
WRITING CAFÉ - start your day writing!,https://www.drs.fu-berlin.de/en/node/101967,20.06.2024 - 09:00,25.07.2024 - 11:00,available,2025-09-16 12:05:00.787727
Writing Abstracts,https://www.drs.fu-berlin.de/en/node/92044,19.06.2024 - 13:30,19.06.2024 - 17:00,waiting list,2025-09-16 12:05:00.787727
Collaborative Writing,https://www.drs.fu-berlin.de/en/node/95082,19.06.2024 - 09:00,19.06.2024 - 12:30,waiting list,2025-09-16 12:05:00.787727
Get Organized: Self-management for Doctoral researchers,https://www.drs.fu-berlin.de/en/node/98586,17.06.2024 - 09:00,17.06.2024 - 17:00,waiting list,2025-09-16 12:05:00.787727
Wissenschaftsethik: Ich möchte doch nur forschen,https://www.drs.fu-berlin.de/en/node/91344,17.06.2024 - 09:00,18.06.2024 - 13:00,available,2025-09-16 12:05:00.787727
WRITING WEEK 2024 - 2,https://www.drs.fu-berlin.de/en/node/97306,10.06.2024 - 09:00,14.06.2024 - 17:00,waiting list,2025-09-16 12:05:00.787727
Deep Science Futures: An entry-level workshop for producing a better tomorrow with artificial intelligence,https://www.drs.fu-berlin.de/en/node/96699,07.06.2024 - 09:00,07.06.2024 - 16:30,available,2025-09-16 12:05:00.787727
Navigating Challenges: Stop Procrastinating!,https://www.drs.fu-berlin.de/en/node/98618,06.06.2024 - 13:00,06.06.2024 - 15:30,waiting list,2025-09-16 12:05:00.787727
Self Marketing,https://www.drs.fu-berlin.de/en/node/91860,05.06.2024 - 09:00,05.06.2024 - 17:00,waiting list,2025-09-16 12:05:00.787727
Time Management I part 3: Overcoming Obstacles,https://www.drs.fu-berlin.de/en/node/98977,30.05.2024 - 13:00,30.05.2024 - 15:30,available,2025-09-16 12:05:00.787727
Research Integrity: Artificial Intelligence Tools - Responsible Use & Applications in Research and Academia,https://www.drs.fu-berlin.de/en/node/98626,29.05.2024 - 09:00,29.05.2024 - 16:00,waiting list,2025-09-16 12:05:00.787727
Grant Proposal Writing,https://www.drs.fu-berlin.de/en/node/91861,27.05.2024 - 09:00,04.06.2024 - 12:30,waiting list,2025-09-16 12:05:00.787727
SCRUM,https://www.drs.fu-berlin.de/en/node/94930,23.05.2024 - 14:00,23.05.2024 - 17:00,waiting list,2025-09-16 12:05:00.787727
Scientific Argumentation: Critical Reasoning and Logic,https://www.drs.fu-berlin.de/en/node/92215,21.05.2024 - 09:00,22.05.2024 - 15:00,waiting list,2025-09-16 12:05:00.787727
"Dealing with Imposter Syndrome: What is it, how do I manage it, and what can I do to build confidence in my work?",https://www.drs.fu-berlin.de/en/node/98585,17.05.2024 - 09:00,17.05.2024 - 17:00,waiting list,2025-09-16 12:05:00.787727
Research Integrity: Good Scientific Practice for Natural and Life Sciences,https://www.drs.fu-berlin.de/en/node/91867,16.05.2024 - 10:00,16.05.2024 - 17:00,waiting list,2025-09-16 12:05:00.787727
Project Management Toolbox,https://www.drs.fu-berlin.de/en/node/94929,16.05.2024 - 09:00,23.05.2024 - 13:00,waiting list,2025-09-16 12:05:00.787727
Time Management I part 2: Achieving Your Goals a Day at a Time,https://www.drs.fu-berlin.de/en/node/98976,15.05.2024 - 13:00,15.05.2024 - 15:30,waiting list,2025-09-16 12:05:00.787727
"Time and Activity Management, Prioritization and Mindfulness",https://www.drs.fu-berlin.de/en/node/91865,13.05.2024 - 09:00,14.05.2024 - 12:00,waiting list,2025-09-16 12:05:00.787727
Academic Publishing in the Humanities,https://www.drs.fu-berlin.de/en/node/97307,08.05.2024 - 10:00,08.05.2024 - 15:00,available,2025-09-16 12:05:00.787727
Understanding Visual Communication,https://www.drs.fu-berlin.de/en/node/92216,06.05.2024 - 09:00,07.05.2024 - 12:00,waiting list,2025-09-16 12:05:00.787727
Time Management I part 1: From Chaos to Clarity,https://www.drs.fu-berlin.de/en/node/98974,30.04.2024 - 13:00,30.04.2024 - 15:30,waiting list,2025-09-16 12:05:00.787727
Presenting successfully - step by step,https://www.drs.fu-berlin.de/en/node/94920,24.04.2024 - 10:00,04.06.2024 - 12:00,waiting list,2025-09-16 12:05:00.787727
Mastering Journal Publication & Peer Review: Strategies for Success in the Natural and Life Sciences,https://www.drs.fu-berlin.de/en/node/91856,24.04.2024 - 09:00,25.04.2024 - 13:00,waiting list,2025-09-16 12:05:00.787727
Networking for Scientists: Understanding and Building Authentic Professional Relationships,https://www.drs.fu-berlin.de/en/node/98584,19.04.2024 - 09:00,19.04.2024 - 17:00,waiting list,2025-09-16 12:05:00.787727
Navigating Challenges: Organize Your (Work) Week_Realistic Time Management,https://www.drs.fu-berlin.de/en/node/98601,18.04.2024 - 13:00,18.04.2024 - 15:30,waiting list,2025-09-16 12:05:00.787727
Introduction to Science Communication and Public Engagement,https://www.drs.fu-berlin.de/en/node/98801,11.04.2024 - 13:00,12.04.2024 - 12:00,waiting list,2025-09-16 12:05:00.787727
WRITING CAFÉ,https://www.drs.fu-berlin.de/en/node/99048,11.04.2024 - 09:00,06.06.2024 - 11:00,available,2025-09-16 12:05:00.787727
Resilience in International Transition for Academics Abroad,https://www.drs.fu-berlin.de/en/node/98800,05.04.2024 - 09:00,05.04.2024 - 17:00,available,2025-09-16 12:05:00.787727
"Presenting with confidence: Work on Body, Voice and Charisma",https://www.drs.fu-berlin.de/en/node/91853,04.04.2024 - 09:00,04.04.2024 - 16:00,waiting list,2025-09-16 12:05:00.787727
Wirtschaftswissen kompakt (BWL Basiswissen) - online,https://www.drs.fu-berlin.de/en/node/90875,19.03.2024 - 09:00,20.03.2024 - 17:00,available,2025-09-16 12:05:00.787727
Research Integrity: Basic Workshop - change of format: online,https://www.drs.fu-berlin.de/en/node/88858,27.02.2024 - 13:00,28.02.2024 - 17:00,waiting list,2025-09-16 12:05:00.787727
"Gruppencoaching: ""Neue Wege für Promovierte"": Vom Profil zum Job - Präsenzworkshop",https://www.drs.fu-berlin.de/en/node/88870,26.02.2024 - 09:00,26.02.2024 - 16:30,waiting list,2025-09-16 12:05:00.787727
Success Team (in person),https://www.drs.fu-berlin.de/en/node/99203,22.02.2024 - 10:00,22.02.2024 - 12:00,waiting list,2025-09-16 12:05:00.787727
Research Integrity: Probands - online,https://www.drs.fu-berlin.de/en/node/90952,20.02.2024 - 10:00,20.02.2024 - 12:00,available,2025-09-16 12:05:00.787727
Research Integrity: Introduction to Data Management in Natural and Life Sciences - online,https://www.drs.fu-berlin.de/en/node/91090,20.02.2024 - 09:00,21.02.2024 - 12:00,waiting list,2025-09-16 12:05:00.787727
"Open Door Talk: ""What's Next Doc?"" by Research Division of Freie Universität - in person",https://www.drs.fu-berlin.de/en/node/95931,14.02.2024 - 14:00,14.02.2024 - 16:00,available,2025-09-16 12:05:00.787727
Grant Proposal Writing - online,https://www.drs.fu-berlin.de/en/node/88891,13.02.2024 - 09:00,21.02.2024 - 12:30,waiting list,2025-09-16 12:05:00.787727
Research Integrity: Good Scientific Practice – Ethical Challenges and Strategies - online,https://www.drs.fu-berlin.de/en/node/90880,12.02.2024 - 09:00,13.02.2024 - 13:00,waiting list,2025-09-16 12:05:00.787727
Deep Science Future: An entry-level workshop for producing a better tomorrow with artificial intelligence -in person,https://www.drs.fu-berlin.de/en/node/87981,08.02.2024 - 09:00,08.02.2024 - 16:30,waiting list,2025-09-16 12:05:00.787727
Research Integrity: Research Data - online,https://www.drs.fu-berlin.de/en/node/90948,06.02.2024 - 10:00,06.02.2024 - 12:00,waiting list,2025-09-16 12:05:00.787727
"""Neue Wege für Promovierte"": Profilbildung für den Arbeitsmarkt - Präsenzworkshop",https://www.drs.fu-berlin.de/en/node/88869,01.02.2024 - 09:00,02.02.2024 - 16:30,waiting list,2025-09-16 12:05:00.787727
"Presenting with confidence: Work on Body, Voice and Charisma - online",https://www.drs.fu-berlin.de/en/node/90872,01.02.2024 - 09:00,01.02.2024 - 16:00,waiting list,2025-09-16 12:05:00.787727
Self Marketing - online,https://www.drs.fu-berlin.de/en/node/90909,26.01.2024 - 09:00,26.01.2024 - 17:00,waiting list,2025-09-16 12:05:00.787727
Open Door Talk: Career Strategies for Doctoral Researchers in Academia and Beyond - online,https://www.drs.fu-berlin.de/en/node/94971,24.01.2024 - 14:00,24.01.2024 - 16:00,available,2025-09-16 12:05:00.787727
Research Integrity: Good Scientific Practice for Natural and Life Sciences - online,https://www.drs.fu-berlin.de/en/node/88223,23.01.2024 - 10:00,23.01.2024 - 17:00,waiting list,2025-09-16 12:05:00.787727
Secrets of Impactful Poster Design & Presentation - online,https://www.drs.fu-berlin.de/en/node/88866,22.01.2024 - 09:00,30.01.2024 - 12:00,waiting list,2025-09-16 12:05:00.787727
Research Integrity: Authorship - online,https://www.drs.fu-berlin.de/en/node/90947,18.01.2024 - 10:00,18.01.2024 - 12:00,waiting list,2025-09-16 12:05:00.787727
Scientific Writing: Towards Organization and Motivation - online,https://www.drs.fu-berlin.de/en/node/88222,17.01.2024 - 09:00,18.01.2024 - 17:00,waiting list,2025-09-16 12:05:00.787727
"Time & Activity Management, Prioritization and Mindfulness - online",https://www.drs.fu-berlin.de/en/node/88867,15.01.2024 - 09:00,16.01.2024 - 12:00,waiting list,2025-09-16 12:05:00.787727
Getting Organized : Modern Knowledge Management for Researchers - online,https://www.drs.fu-berlin.de/en/node/88895,15.12.2023 - 09:00,15.12.2023 - 17:00,waiting list,2025-09-16 12:05:00.787727
"Start your Doctorate Prepared: Mindsets, Tools & Processes - online",https://www.drs.fu-berlin.de/en/node/88893,14.12.2023 - 09:00,14.12.2023 - 17:00,waiting list,2025-09-16 12:05:00.787727
Research Integrity: Me and My Supervisor - online,https://www.drs.fu-berlin.de/en/node/90946,13.12.2023 - 10:00,13.12.2023 - 12:00,waiting list,2025-09-16 12:05:00.787727
Welcome Day For Doctoral Researchers at FU Berlin,https://www.drs.fu-berlin.de/en/node/92402,13.12.2023 - 09:00,13.12.2023 - 13:00,available,2025-09-16 12:05:00.787727
Difficult Talks: Managing Problems - online,https://www.drs.fu-berlin.de/en/node/86731,07.12.2023 - 13:00,07.12.2023 - 15:30,waiting list,2025-09-16 12:05:00.787727
"Presenting with confidence: Work on Body, Voice and Charisma - online",https://www.drs.fu-berlin.de/en/node/83842,07.12.2023 - 09:00,07.12.2023 - 16:00,waiting list,2025-09-16 12:05:00.787727
+++Cancelled+++ Academics Abroad: Resilience in International Transition - in person,https://www.drs.fu-berlin.de/en/node/83344,06.12.2023 - 09:00,06.12.2023 - 17:00,unavailable,2025-09-16 12:05:00.787727
Scientific Writing: Towards Organization and Motivation - online,https://www.drs.fu-berlin.de/en/node/83837,06.12.2023 - 09:00,07.12.2023 - 17:00,waiting list,2025-09-16 12:05:00.787727
"Time and Activity Management, Prioritization and Mindfulness - online",https://www.drs.fu-berlin.de/en/node/84323,04.12.2023 - 09:00,05.12.2023 - 12:00,waiting list,2025-09-16 12:05:00.787727
Academics Abroad: Resilience in International Transition - online,https://www.drs.fu-berlin.de/en/node/84268,30.11.2023 - 09:30,01.12.2023 - 13:30,available,2025-09-16 12:05:00.787727
Disputationstraining - online,https://www.drs.fu-berlin.de/en/node/88220,30.11.2023 - 09:00,01.12.2023 - 17:00,waiting list,2025-09-16 12:05:00.787727
Starting Your Project With Success: Project Management for Doctoral Researchers - in person,https://www.drs.fu-berlin.de/en/node/84267,29.11.2023 - 09:30,29.11.2023 - 17:00,waiting list,2025-09-16 12:05:00.787727
Research Integrity: Good Scientific Practice – Ethical Challenges and Strategies - online,https://www.drs.fu-berlin.de/en/node/84305,27.11.2023 - 09:00,30.11.2023 - 13:00,available,2025-09-16 12:05:00.787727
Presentation Skills: Engaging the Listener in your Talk (Social Sciences and Humanities) - blended workshop,https://www.drs.fu-berlin.de/en/node/84266,23.11.2023 - 09:00,24.11.2023 - 17:00,available,2025-09-16 12:05:00.787727
Communicating (Across Cultures) with My Supervisor - online,https://www.drs.fu-berlin.de/en/node/86730,22.11.2023 - 13:00,22.11.2023 - 15:00,available,2025-09-16 12:05:00.787727
Paid to research: Preparing successful funding applications - online,https://www.drs.fu-berlin.de/en/node/86726,22.11.2023 - 09:00,23.11.2023 - 16:00,waiting list,2025-09-16 12:05:00.787727
++NEW OFFER++ Writing Café SPECIAL - every morning for a whole week,https://www.drs.fu-berlin.de/en/node/93361,20.11.2023 - 09:00,24.11.2023 - 11:00,available,2025-09-16 12:05:00.787727
KICK-OFF YOUR DOCTORATE (EN) -  in person retreat,https://www.drs.fu-berlin.de/en/node/83844,13.11.2023 - 11:00,15.11.2023 - 12:00,waiting list,2025-09-16 12:05:00.787727
Paid to research: Preparing successful funding applications - online,https://www.drs.fu-berlin.de/en/node/83345,06.11.2023 - 09:00,07.11.2023 - 16:00,waiting list,2025-09-16 12:05:00.787727
Grant Proposal Writing - online,https://www.drs.fu-berlin.de/en/node/83841,02.11.2023 - 09:00,10.11.2023 - 12:30,waiting list,2025-09-16 12:05:00.787727
Publizieren in den Geisteswissenschaften - in Präsenz,https://www.drs.fu-berlin.de/en/node/90842,01.11.2023 - 10:00,01.11.2023 - 17:00,unavailable,2025-09-16 12:05:00.787727
Navigating the Academic Job Market in Germany - online,https://www.drs.fu-berlin.de/en/node/83834,24.10.2023 - 13:00,24.10.2023 - 15:00,waiting list,2025-09-16 12:05:00.787727
WRITING WEEK II - online,https://www.drs.fu-berlin.de/en/node/83838,23.10.2023 - 09:00,27.10.2023 - 17:00,waiting list,2025-09-16 12:05:00.787727
Academic Publishing for Elsa-Neumann Scholars - in person,https://www.drs.fu-berlin.de/en/node/88840,16.10.2023 - 10:00,16.10.2023 - 15:00,waiting list,2025-09-16 12:05:00.787727
Secrets of Impactful Poster Design & Presentation - online,https://www.drs.fu-berlin.de/en/node/83835,16.10.2023 - 09:00,25.10.2023 - 12:00,waiting list,2025-09-16 12:05:00.787727
Mastering Journal Publication & Peer Review: Strategies for Success in the Natural and Life Sciences - online,https://www.drs.fu-berlin.de/en/node/83356,10.10.2023 - 09:00,11.10.2023 - 13:00,waiting list,2025-09-16 12:05:00.787727
Deep Science Future: An entry-level workshop for producing a better tomorrow with artificial intelligence - In Person,https://www.drs.fu-berlin.de/en/node/82259,26.09.2023 - 09:00,26.09.2023 - 16:30,waiting list,2025-09-16 12:05:00.787727
Hard Asks: How to Say No to Colleagues (and Supervisors) - online,https://www.drs.fu-berlin.de/en/node/86729,21.09.2023 - 13:00,21.09.2023 - 15:30,available,2025-09-16 12:05:00.787727
Writing Café SPECIAL - every morning for a whole week,https://www.drs.fu-berlin.de/en/node/88917,18.09.2023 - 09:00,22.09.2023 - 11:00,available,2025-09-16 12:05:00.787727
Stop Procrastinating! - online,https://www.drs.fu-berlin.de/en/node/86728,24.08.2023 - 13:00,24.08.2023 - 15:30,unavailable,2025-09-16 12:05:00.787727
Academia  or Industry? Where am I going? - online,https://www.drs.fu-berlin.de/en/node/83204,06.07.2023 - 13:00,06.07.2023 - 15:30,unavailable,2025-09-16 12:05:00.787727
Writing a great Cover letter - online,https://www.drs.fu-berlin.de/en/node/83203,22.06.2023 - 13:00,22.06.2023 - 15:30,unavailable,2025-09-16 12:05:00.787727
Deep Science Future: An entry-level workshop for producing a better tomorrow with artificial intelligence - In Person,https://www.drs.fu-berlin.de/en/node/82258,20.06.2023 - 09:00,20.06.2023 - 16:30,waiting list,2025-09-16 12:05:00.787727
Wissenschaftsethik: Ich möchte doch nur forschen - online,https://www.drs.fu-berlin.de/en/node/79355,19.06.2023 - 09:00,20.06.2024 - 13:00,waiting list,2025-09-16 12:05:00.787727
Research Integrity: Basic Workshop - online,https://www.drs.fu-berlin.de/en/node/79354,14.06.2023 - 13:00,16.06.2023 - 13:00,waiting list,2025-09-16 12:05:00.787727
Case Study: Probands - online,https://www.drs.fu-berlin.de/en/node/83341,13.06.2023 - 16:00,13.06.2023 - 18:00,unavailable,2025-09-16 12:05:00.787727
Almost there: Preparing for the disputation - in person,https://www.drs.fu-berlin.de/en/node/79353,12.06.2023 - 09:00,13.06.2023 - 16:00,waiting list,2025-09-16 12:05:00.787727
How to become a Data Scientist? - in Person NEW,https://www.drs.fu-berlin.de/en/node/82261,07.06.2023 - 09:00,07.06.2023 - 16:30,waiting list,2025-09-16 12:05:00.787727
Research Integrity: Good Scientific Practice (for Natural and Life Sciences) - online,https://www.drs.fu-berlin.de/en/node/79352,06.06.2023 - 10:00,06.06.2023 - 17:00,waiting list,2025-09-16 12:05:00.787727
Case Study: Research Data - online,https://www.drs.fu-berlin.de/en/node/83340,30.05.2023 - 16:00,30.05.2023 - 18:00,unavailable,2025-09-16 12:05:00.787727
The Job Search: What's out there? - online,https://www.drs.fu-berlin.de/en/node/83202,25.05.2023 - 13:00,25.05.2023 - 15:30,unavailable,2025-09-16 12:05:00.787727
Case Study: Authorship - online,https://www.drs.fu-berlin.de/en/node/83339,23.05.2023 - 16:00,23.05.2023 - 18:00,unavailable,2025-09-16 12:05:00.787727
Case Study: Me and My Supervisor - online,https://www.drs.fu-berlin.de/en/node/83201,16.05.2023 - 16:00,16.05.2023 - 18:00,unavailable,2025-09-16 12:05:00.787727
SCRUM - online,https://www.drs.fu-berlin.de/en/node/79349,12.05.2023 - 14:00,12.05.2023 - 17:00,waiting list,2025-09-16 12:05:00.787727
Scientific Writing - online,https://www.drs.fu-berlin.de/en/node/80079,10.05.2023 - 09:00,11.05.2023 - 17:00,waiting list,2025-09-16 12:05:00.787727
Secrets of Impactful Poster Design - online,https://www.drs.fu-berlin.de/en/node/80471,08.05.2023 - 09:00,17.05.2023 - 12:00,waiting list,2025-09-16 12:05:00.787727
Project Management - online,https://www.drs.fu-berlin.de/en/node/79348,04.05.2023 - 09:00,12.05.2023 - 13:00,waiting list,2025-09-16 12:05:00.787727
"Presenting with confidence: Work on Body, Voice and Charisma - online",https://www.drs.fu-berlin.de/en/node/68631,03.05.2023 - 09:00,03.05.2023 - 16:00,waiting list,2025-09-16 12:05:00.787727
Planning the Completion of your Dissertation - online,https://www.drs.fu-berlin.de/en/node/80071,02.05.2023 - 09:00,03.05.2023 - 12:00,waiting list,2025-09-16 12:05:00.787727
Creating a Career Profile - online,https://www.drs.fu-berlin.de/en/node/83200,27.04.2023 - 13:00,27.04.2023 - 15:30,unavailable,2025-09-16 12:05:00.787727
Starting your project with success: project management - online,https://www.drs.fu-berlin.de/en/node/83185,14.04.2023 - 09:00,19.04.2023 - 13:30,waiting list,2025-09-16 12:05:00.787727
Mastering Peer Review: Strategies for Success for Natural and Life Sciences - online,https://www.drs.fu-berlin.de/en/node/80077,12.04.2023 - 09:00,12.04.2023 - 17:00,waiting list,2025-09-16 12:05:00.787727
The Writing Café - online (weekly),https://www.drs.fu-berlin.de/en/node/79286,30.03.2023 - 18:00,30.03.2023 - 20:00,unavailable,2025-09-16 12:05:00.787727
Deep Science Future: An entry-level workshop for producing a better tomorrow with AI - In Person,https://www.drs.fu-berlin.de/en/node/82252,28.03.2023 - 09:00,28.03.2023 - 16:30,available,2025-09-16 12:05:00.787727
Research Integrity: Basic Workshop - online,https://www.drs.fu-berlin.de/en/node/71074,22.03.2023 - 09:00,24.03.2023 - 13:00,waiting list,2025-09-16 12:05:00.787727
WRITING WEEK - Berlin University Alliance - online,https://www.drs.fu-berlin.de/en/node/81169,20.03.2023 - 09:00,24.03.2023 - 17:00,waiting list,2025-09-16 12:05:00.787727
DRS Podcast workshop series and QA sessions,https://www.drs.fu-berlin.de/en/node/82810,16.03.2023 - 12:00,16.03.2023 - 12:00,available,2025-09-16 12:05:00.787727
Understanding Visual Communication - online,https://www.drs.fu-berlin.de/en/node/71343,13.03.2023 - 09:00,14.03.2023 - 12:00,waiting list,2025-09-16 12:05:00.787727
Paid to research: Preparing successful funding applications - online,https://www.drs.fu-berlin.de/en/node/78161,06.03.2023 - 09:00,07.03.2023 - 16:00,waiting list,2025-09-16 12:05:00.787727
Scientific Argumentation: Critical Reasoning and Logic - online,https://www.drs.fu-berlin.de/en/node/68656,02.03.2023 - 09:00,03.03.2023 - 15:00,waiting list,2025-09-16 12:05:00.787727
Presentation Skills for Natural and Life Scientists: Engaging the Listener in your Talk,https://www.drs.fu-berlin.de/en/node/79777,27.02.2023 - 09:00,28.02.2023 - 17:00,waiting list,2025-09-16 12:05:00.787727
Presentation Skills for Scientists in Social Studies and Humanities: Engaging the Listener in your Talk,https://www.drs.fu-berlin.de/en/node/79785,27.02.2023 - 09:00,28.02.2023 - 13:00,available,2025-09-16 12:05:00.787727
Get Organized: Selfmanagement for Doctoral Researchers - online,https://www.drs.fu-berlin.de/en/node/78142,15.02.2023 - 09:30,20.02.2023 - 12:30,waiting list,2025-09-16 12:05:00.787727
"Mental Health: Time & Activity Management, Priorisation and Mindfulness - online",https://www.drs.fu-berlin.de/en/node/68476,13.02.2023 - 09:00,14.02.2023 - 12:00,waiting list,2025-09-16 12:05:00.787727
Research Integrity: Introduction to Data Management  in Natural and Life Sciences - online,https://www.drs.fu-berlin.de/en/node/71303,13.02.2023 - 09:00,14.02.2023 - 12:00,waiting list,2025-09-16 12:05:00.787727
Basics of Business Administration - online,https://www.drs.fu-berlin.de/en/node/68475,09.02.2023 - 09:00,10.02.2023 - 17:00,waiting list,2025-09-16 12:05:00.787727
Secrets of Impactful Poster Design and Presentation - online,https://www.drs.fu-berlin.de/en/node/68633,06.02.2023 - 09:00,15.02.2023 - 12:00,waiting list,2025-09-16 12:05:00.787727
Grant Proposal Writing - online,https://www.drs.fu-berlin.de/en/node/68502,26.01.2023 - 09:00,03.02.2023 - 12:30,waiting list,2025-09-16 12:05:00.787727
Brilliant project idea - successful proposal? - online,https://www.drs.fu-berlin.de/en/node/71187,24.01.2023 - 13:00,26.01.2023 - 17:00,unavailable,2025-09-16 12:05:00.787727
Research Integrity: Good Scientific Practice (for Natural and Life Sciences) - online,https://www.drs.fu-berlin.de/en/node/68501,23.01.2023 - 10:00,23.01.2023 - 17:00,waiting list,2025-09-16 12:05:00.787727
Mental Health: Resilience  in International Transitions for Academics Abroad,https://www.drs.fu-berlin.de/en/node/68632,18.01.2023 - 09:30,23.01.2023 - 12:30,waiting list,2025-09-16 12:05:00.787727
Research Ethics: But I just want to do my research - online,https://www.drs.fu-berlin.de/en/node/68449,16.01.2023 - 09:00,17.01.2023 - 13:00,waiting list,2025-09-16 12:05:00.787727
Research Integrity: Introduction to Research Data Management in Humanities and Social Sciences- online,https://www.drs.fu-berlin.de/en/node/68363,09.01.2023 - 09:00,10.01.2023 - 12:00,waiting list,2025-09-16 12:05:00.787727
Ethical issues during your doctorate? - case discussions - online,https://www.drs.fu-berlin.de/en/node/71345,14.12.2022 - 10:00,14.12.2022 - 12:00,unavailable,2025-09-16 12:05:00.787727
Mastering Peer Review: Strategies for Success for Natural and Life Scientists - online,https://www.drs.fu-berlin.de/en/node/68364,07.12.2022 - 09:00,08.12.2022 - 13:00,available,2025-09-16 12:05:00.787727
"Presenting with confidence: Work on Body, Voice and Charisma - online",https://www.drs.fu-berlin.de/en/node/71320,06.12.2022 - 09:00,06.12.2022 - 16:00,waiting list,2025-09-16 12:05:00.787727
NEW: Deep Science Futures: An Entry-Level Workshop for Producing a Better Tomorrow with Artificial Intelligence,https://www.drs.fu-berlin.de/en/node/72091,02.12.2022 - 09:30,02.12.2022 - 16:30,available,2025-09-16 12:05:00.787727
KICK-OFF YOUR DOCTORATE - Berlin University Alliance Retreat - In Person,https://www.drs.fu-berlin.de/en/node/68688,30.11.2022 - 12:00,02.12.2022 - 13:00,available,2025-09-16 12:05:00.787727
ERFOLGREICH IN DIE PROMOTION - Berlin University Alliance - Präsenz Retreat,https://www.drs.fu-berlin.de/en/node/68662,28.11.2022 - 13:00,30.11.2022 - 14:00,available,2025-09-16 12:05:00.787727
Presentation Skills for Academics: Engaging the Listener in your Talk,https://www.drs.fu-berlin.de/en/node/68362,28.11.2022 - 09:00,29.11.2022 - 17:00,waiting list,2025-09-16 12:05:00.787727
Introduction to Science Communication and Public Engagement - online,https://www.drs.fu-berlin.de/en/node/68474,24.11.2022 - 13:00,25.11.2022 - 12:00,waiting list,2025-09-16 12:05:00.787727
Just Do It - First steps from the Humanities and Social Sciences toward a job outside academia - online,https://www.drs.fu-berlin.de/en/node/68361,24.11.2022 - 09:30,15.12.2022 - 12:30,waiting list,2025-09-16 12:05:00.787727
"Selbstbewusst präsentieren: Körper, Stimme und Charisma - online",https://www.drs.fu-berlin.de/en/node/68473,22.11.2022 - 09:00,22.11.2022 - 16:00,waiting list,2025-09-16 12:05:00.787727
Project & Time Management - Hybrid,https://www.drs.fu-berlin.de/en/node/68472,18.11.2022 - 09:30,22.11.2022 - 13:00,waiting list,2025-09-16 12:05:00.787727
+Changed to online+ Writing Successful Job Applications,https://www.drs.fu-berlin.de/en/node/68360,17.11.2022 - 09:00,18.11.2022 - 12:00,waiting list,2025-09-16 12:05:00.787727
Disputationstraining - online,https://www.drs.fu-berlin.de/en/node/68359,14.11.2022 - 09:00,15.11.2022 - 16:00,available,2025-09-16 12:05:00.787727
Writing Consultations / Schreibsprechstunde - online,https://www.drs.fu-berlin.de/en/node/71223,14.11.2022 - 09:00,07.12.2022 - 17:00,available,2025-09-16 12:05:00.787727
!!ABGESAGT!! Research Integrity: On Doing Sound and Ethical Science (Natural and Life Sciences) - New: Online,https://www.drs.fu-berlin.de/en/node/68448,09.11.2022 - 09:00,18.11.2022 - 15:00,available,2025-09-16 12:05:00.787727
Scientific Argumentation - online,https://www.drs.fu-berlin.de/en/node/68358,07.11.2022 - 09:00,08.11.2022 - 15:00,waiting list,2025-09-16 12:05:00.787727
Grant Proposal Writing - online,https://www.drs.fu-berlin.de/en/node/68357,03.11.2022 - 09:00,11.11.2022 - 12:30,waiting list,2025-09-16 12:05:00.787727
NEU: Inputwoche Schreibzeit - online,https://www.drs.fu-berlin.de/en/node/71261,31.10.2022 - 09:00,04.11.2022 - 12:00,available,2025-09-16 12:05:00.787727
+Changed to online+ The Q&A Session: Preparing for the Audience Discussion,https://www.drs.fu-berlin.de/en/node/68471,28.10.2022 - 09:00,28.10.2022 - 17:00,waiting list,2025-09-16 12:05:00.787727
Quick on Your Feet - Spontaneous Speaking Practice - online,https://www.drs.fu-berlin.de/en/node/68496,25.10.2022 - 09:00,25.10.2022 - 16:00,waiting list,2025-09-16 12:05:00.787727
+Changed to online+ Selbstmarketing,https://www.drs.fu-berlin.de/en/node/68478,19.10.2022 - 09:00,19.10.2022 - 16:30,waiting list,2025-09-16 12:05:00.787727
How to organize and implement a Science Café - online,https://www.drs.fu-berlin.de/en/node/68479,18.10.2022 - 14:00,18.10.2022 - 17:00,available,2025-09-16 12:05:00.787727
SCRUM - online,https://www.drs.fu-berlin.de/en/node/68355,17.10.2022 - 14:00,17.10.2022 - 17:00,waiting list,2025-09-16 12:05:00.787727
Secrets of Impactful Poster Design - online,https://www.drs.fu-berlin.de/en/node/68356,17.10.2022 - 09:00,20.10.2022 - 12:00,waiting list,2025-09-16 12:05:00.787727
Start your day Writing - online,https://www.drs.fu-berlin.de/en/node/71318,17.10.2022 - 09:00,21.10.2022 - 11:00,unavailable,2025-09-16 12:05:00.787727
Project Management - online,https://www.drs.fu-berlin.de/en/node/68354,10.10.2022 - 09:00,17.10.2022 - 13:00,waiting list,2025-09-16 12:05:00.787727
Schreibcafé - online,https://www.drs.fu-berlin.de/en/node/68480,10.10.2022 - 09:00,05.12.2022 - 13:00,available,2025-09-16 12:05:00.787727
Mental Health: Navigating Challenges with Resilience - online,https://www.drs.fu-berlin.de/en/node/71346,07.10.2022 - 13:00,13.12.2022 - 15:30,available,2025-09-16 12:05:00.787727
Writing @ Lunchtime - online,https://www.drs.fu-berlin.de/en/node/71317,06.10.2022 - 12:00,12.12.2022 - 14:00,unavailable,2025-09-16 12:05:00.787727
WRITING WEEK - Berlin University Alliance - online,https://www.drs.fu-berlin.de/en/node/68417,26.09.2022 - 09:00,30.09.2022 - 17:00,available,2025-09-16 12:05:00.787727
Ethical issues during your doctorate? - case discussions - online,https://www.drs.fu-berlin.de/en/node/68500,22.09.2022 - 18:00,22.09.2022 - 20:00,unavailable,2025-09-16 12:05:00.787727
Publizieren in den Geisteswissenschaften - online,https://www.drs.fu-berlin.de/en/node/68654,21.09.2022 - 09:00,22.09.2022 - 13:00,available,2025-09-16 12:05:00.787727
Research Ethics: But I just want to do my research (interdisciplinary) - online,https://www.drs.fu-berlin.de/en/node/68353,19.09.2022 - 09:00,20.09.2022 - 13:00,waiting list,2025-09-16 12:05:00.787727
SCHREIBZEIT - Berlin University Alliance - online,https://www.drs.fu-berlin.de/en/node/68418,12.09.2022 - 09:00,16.09.2022 - 13:00,available,2025-09-16 12:05:00.787727
DRS Pro Transfer - In Person,https://www.drs.fu-berlin.de/en/node/68661,22.08.2022 - 09:30,09.09.2022 - 11:30,available,2025-09-16 12:05:00.787727
Scientific Argumentation - online,https://www.drs.fu-berlin.de/en/node/65208,14.07.2022 - 09:00,15.07.2022 - 15:00,waiting list,2025-09-16 12:05:00.787727
Basics of Business Administration - online,https://www.drs.fu-berlin.de/en/node/65207,07.07.2022 - 09:00,08.07.2022 - 17:00,waiting list,2025-09-16 12:05:00.787727
NEW: Deep Science Futures: An Entry-Level Workshop for Producing a Better Tomorrow with Artificial Intelligence,https://www.drs.fu-berlin.de/en/node/68268,06.07.2022 - 09:30,06.07.2022 - 16:30,available,2025-09-16 12:05:00.787727
Presentation Skills for Academics: Engaging the Listener in your Talk - In Person,https://www.drs.fu-berlin.de/en/node/65261,04.07.2022 - 09:00,05.07.2022 - 17:00,waiting list,2025-09-16 12:05:00.787727
!Abgesagt! Lust statt Frust: Selbstmotivation und Schaffensfreude in der Forschung,https://www.drs.fu-berlin.de/en/node/66354,28.06.2022 - 09:00,29.06.2022 - 17:00,available,2025-09-16 12:05:00.787727
Disputationstraining - online,https://www.drs.fu-berlin.de/en/node/65205,23.06.2022 - 09:00,24.06.2022 - 16:00,waiting list,2025-09-16 12:05:00.787727
NEW: Research Integrity: Introduction to Research Data Management for Natural Scientists - online,https://www.drs.fu-berlin.de/en/node/67330,20.06.2022 - 09:00,21.06.2022 - 12:00,available,2025-09-16 12:05:00.787727
Research Integrity: Basic Workshop - online,https://www.drs.fu-berlin.de/en/node/66352,20.06.2022 - 09:00,22.06.2022 - 16:00,waiting list,2025-09-16 12:05:00.787727
Publishing Journal Articles for Natural and Life Scientists - In Person,https://www.drs.fu-berlin.de/en/node/65204,15.06.2022 - 09:00,15.06.2022 - 17:00,waiting list,2025-09-16 12:05:00.787727
"Time & Activity Management, Priorisation and Mindfulness - online",https://www.drs.fu-berlin.de/en/node/65201,13.06.2022 - 09:00,14.06.2022 - 12:00,waiting list,2025-09-16 12:05:00.787727
Paid to research: Preparing successful funding applications - online,https://www.drs.fu-berlin.de/en/node/65196,09.06.2022 - 09:00,10.06.2022 - 16:00,waiting list,2025-09-16 12:05:00.787727
Gute wissenschaftliche Praxis: Sensibilisierung hinsichtlich ethischer Fragen - ONLINE,https://www.drs.fu-berlin.de/en/node/65279,08.06.2022 - 09:00,08.06.2022 - 17:00,waiting list,2025-09-16 12:05:00.787727
Practices of Open Research for PhD students - online,https://www.drs.fu-berlin.de/en/node/65215,07.06.2022 - 09:00,07.06.2022 - 11:00,waiting list,2025-09-16 12:05:00.787727
Auftrittskompetenz - online,https://www.drs.fu-berlin.de/en/node/65676,31.05.2022 - 09:00,31.05.2022 - 16:00,waiting list,2025-09-16 12:05:00.787727
Writing Successful Job Applications - In Person,https://www.drs.fu-berlin.de/en/node/65191,27.05.2022 - 09:00,27.05.2022 - 17:00,waiting list,2025-09-16 12:05:00.787727
Research Integrity: Effizienter und (plagiats)sicherer Umgang mit Fachliteratur (literatur- und textbasierte Forschung) - online,https://www.drs.fu-berlin.de/en/node/65677,13.05.2022 - 09:00,14.05.2022 - 13:00,available,2025-09-16 12:05:00.787727
Disputation Training - online,https://www.drs.fu-berlin.de/en/node/65190,12.05.2022 - 09:00,13.05.2022 - 16:00,waiting list,2025-09-16 12:05:00.787727
More visibility for your research: Open Access for PhD students - online,https://www.drs.fu-berlin.de/en/node/65251,10.05.2022 - 09:00,10.05.2022 - 11:00,available,2025-09-16 12:05:00.787727
NEW - Academic Writing in English - Online,https://www.drs.fu-berlin.de/en/node/66505,05.05.2022 - 16:00,28.07.2022 - 18:00,waiting list,2025-09-16 12:05:00.787727
Understanding Visual Communication - online,https://www.drs.fu-berlin.de/en/node/65187,04.05.2022 - 09:00,05.05.2022 - 12:00,waiting list,2025-09-16 12:05:00.787727
Selfmanagement for Early Career Researchers - online,https://www.drs.fu-berlin.de/en/node/65024,02.05.2022 - 09:00,03.05.2022 - 12:30,waiting list,2025-09-16 12:05:00.787727
NEW: The Writing Café - Online,https://www.drs.fu-berlin.de/en/node/66971,28.04.2022 - 16:00,22.12.2022 - 20:00,unavailable,2025-09-16 12:05:00.787727
Auftrittskompetenz - online,https://www.drs.fu-berlin.de/en/node/65641,28.04.2022 - 09:00,28.04.2022 - 16:00,waiting list,2025-09-16 12:05:00.787727
UPDATE: ONLINE - Get it done,https://www.drs.fu-berlin.de/en/node/65246,27.04.2022 - 09:00,01.06.2022 - 12:00,waiting list,2025-09-16 12:05:00.787727
NEW: Ethical issues during your doctorate? - case discussions - ONLINE,https://www.drs.fu-berlin.de/en/node/66974,26.04.2022 - 17:00,26.04.2022 - 19:00,unavailable,2025-09-16 12:05:00.787727
Let's Write! - online,https://www.drs.fu-berlin.de/en/node/65023,26.04.2022 - 16:00,06.09.2022 - 20:00,waiting list,2025-09-16 12:05:00.787727
DRS Pro Transfer (mini) - In Person,https://www.drs.fu-berlin.de/en/node/66070,20.04.2022 - 09:00,20.04.2022 - 13:00,available,2025-09-16 12:05:00.787727
Research Integrity: Introduction to Research Data Management for Natural Scientists - online,https://www.drs.fu-berlin.de/en/node/54023,04.04.2022 - 09:00,05.04.2022 - 12:00,waiting list,2025-09-16 12:05:00.787727
Navigating the Academic Job Market in Germany - online,https://www.drs.fu-berlin.de/en/node/83187,30.03.2022 - 13:00,30.03.2022 - 15:00,unavailable,2025-09-16 12:05:00.787727
Mehr Sichtbarkeit für Ihre Forschung: Open Access für Promovierende - online,https://www.drs.fu-berlin.de/en/node/61620,30.03.2022 - 09:00,30.03.2022 - 11:00,available,2025-09-16 12:05:00.787727
Speaking with Confidence and Impact - online,https://www.drs.fu-berlin.de/en/node/53978,29.03.2022 - 10:00,31.03.2022 - 15:00,waiting list,2025-09-16 12:05:00.787727
Research Integrity: Basic Workshop - online,https://www.drs.fu-berlin.de/en/node/54021,22.03.2022 - 13:00,25.03.2022 - 13:00,waiting list,2025-09-16 12:05:00.787727
Basic Workshop - online (Social Sciences and Humanities),https://www.drs.fu-berlin.de/en/node/66069,16.03.2022 - 09:00,18.03.2022 - 13:00,available,2025-09-16 12:05:00.787727
SCRUM - online,https://www.drs.fu-berlin.de/en/node/56281,15.03.2022 - 14:00,15.03.2022 - 17:00,waiting list,2025-09-16 12:05:00.787727
Online Writing Week,https://www.drs.fu-berlin.de/en/node/64962,14.03.2022 - 09:00,18.03.2022 - 17:00,waiting list,2025-09-16 12:05:00.787727
Project Management - online,https://www.drs.fu-berlin.de/en/node/56280,09.03.2022 - 09:00,15.03.2022 - 13:00,waiting list,2025-09-16 12:05:00.787727
Just Do It - First steps from the Humanities and Social Sciences toward a job outside academia - online,https://www.drs.fu-berlin.de/en/node/53977,03.03.2022 - 09:30,31.03.2022 - 12:00,available,2025-09-16 12:05:00.787727
Scientific Writing for Natural and Life Scientists - online,https://www.drs.fu-berlin.de/en/node/53976,02.03.2022 - 09:00,04.03.2022 - 13:30,waiting list,2025-09-16 12:05:00.787727
Disputationstraining - online,https://www.drs.fu-berlin.de/en/node/56184,24.02.2022 - 09:00,25.02.2022 - 16:00,waiting list,2025-09-16 12:05:00.787727
Mental Health: Resilience  in International Transitions for Academics Abroad - online,https://www.drs.fu-berlin.de/en/node/56185,16.02.2022 - 13:00,17.02.2022 - 13:00,waiting list,2025-09-16 12:05:00.787727
Keeping your Talk Fresh - online,https://www.drs.fu-berlin.de/en/node/54020,09.02.2022 - 15:00,16.02.2022 - 18:30,waiting list,2025-09-16 12:05:00.787727
Grant Proposal Writing - online,https://www.drs.fu-berlin.de/en/node/56243,07.02.2022 - 09:00,15.02.2022 - 12:30,waiting list,2025-09-16 12:05:00.787727
Research Integrity: Introduction to Good Scientific Practice (with a focus on laboratory journals) - online NEW,https://www.drs.fu-berlin.de/en/node/58899,27.01.2022 - 09:00,27.01.2022 - 17:00,waiting list,2025-09-16 12:05:00.787727
Selbstmanagement für Promovierende - online,https://www.drs.fu-berlin.de/en/node/54016,24.01.2022 - 09:00,25.01.2022 - 12:30,waiting list,2025-09-16 12:05:00.787727
Scientific Argumentation - online,https://www.drs.fu-berlin.de/en/node/54015,19.01.2022 - 09:00,20.01.2022 - 15:00,waiting list,2025-09-16 12:05:00.787727
Research Integrity: But I just want to do my research - online,https://www.drs.fu-berlin.de/en/node/54014,17.01.2022 - 09:00,18.01.2022 - 13:00,waiting list,2025-09-16 12:05:00.787727
NEU Auftrittskompetenz - online,https://www.drs.fu-berlin.de/en/node/63402,13.01.2022 - 09:00,13.01.2022 - 16:00,waiting list,2025-09-16 12:05:00.787727
NEU Academic English: Writing and Publishing (Natural and Life Sciences) - online,https://www.drs.fu-berlin.de/en/node/59951,11.01.2022 - 15:45,01.03.2022 - 17:15,waiting list,2025-09-16 12:05:00.787727
NEU Academic English: Writing and Publishing (Natural and Life Sciences) - online,https://www.drs.fu-berlin.de/en/node/71219,11.01.2022 - 15:45,01.03.2022 - 17:15,available,2025-09-16 12:05:00.787727
NEU Academic English: Writing and Publishing (Human and Social Sciences) - online,https://www.drs.fu-berlin.de/en/node/59948,11.01.2022 - 14:00,01.03.2022 - 15:30,waiting list,2025-09-16 12:05:00.787727
Research Integrity: Good Scientific Practice (for Natural and Life Sciences) - online,https://www.drs.fu-berlin.de/en/node/54013,11.01.2022 - 10:00,11.01.2022 - 17:00,waiting list,2025-09-16 12:05:00.787727
Mastering Peer Review: Strategies for Success for Natural and Life Scientists - online,https://www.drs.fu-berlin.de/en/node/54012,08.12.2021 - 09:00,09.12.2021 - 13:00,waiting list,2025-09-16 12:05:00.787727
WRITING WEEK - Berlin University Alliance - online,https://www.drs.fu-berlin.de/en/node/54011,06.12.2021 - 09:00,10.12.2021 - 17:00,waiting list,2025-09-16 12:05:00.787727
Disputation Training - online,https://www.drs.fu-berlin.de/en/node/54010,02.12.2021 - 09:00,03.12.2021 - 16:00,waiting list,2025-09-16 12:05:00.787727
Research Integrity: Introduction to Research Data Management in Humanities and Social Sciences- online,https://www.drs.fu-berlin.de/en/node/54024,29.11.2021 - 09:00,30.11.2021 - 12:00,waiting list,2025-09-16 12:05:00.787727
Publizieren in den Geisteswissenschaften - online,https://www.drs.fu-berlin.de/en/node/53963,22.11.2021 - 09:00,23.11.2021 - 13:00,waiting list,2025-09-16 12:05:00.787727
Schreibeinstieg: Denkst Du noch oder Schreibst Du schon ? - online,https://www.drs.fu-berlin.de/en/node/56265,19.11.2021 - 09:00,03.12.2021 - 10:30,waiting list,2025-09-16 12:05:00.787727
KICK-OFF YOUR DOCTORATE - Berlin University Alliance - Online Retreat,https://www.drs.fu-berlin.de/en/node/56264,15.11.2021 - 12:30,19.11.2021 - 17:00,available,2025-09-16 12:05:00.787727
ERFOLGREICH IN DIE PROMOTION - Berlin University Alliance - Online Retreat,https://www.drs.fu-berlin.de/en/node/56271,15.11.2021 - 09:30,19.11.2021 - 14:00,available,2025-09-16 12:05:00.787727
Academic Writing in English - online,https://www.drs.fu-berlin.de/en/node/53961,04.11.2021 - 13:00,13.01.2022 - 15:00,waiting list,2025-09-16 12:05:00.787727
Just Do It - First Steps from the Humanities toward a Job Outside Academia - online,https://www.drs.fu-berlin.de/en/node/53940,28.10.2021 - 09:30,02.12.2021 - 12:00,waiting list,2025-09-16 12:05:00.787727
Auftrittskompetenz  - Präsenz,https://www.drs.fu-berlin.de/en/node/53939,25.10.2021 - 09:00,29.10.2021 - 17:00,waiting list,2025-09-16 12:05:00.787727
Writing Successful Job Applications - online,https://www.drs.fu-berlin.de/en/node/53900,22.10.2021 - 09:00,22.10.2021 - 17:00,waiting list,2025-09-16 12:05:00.787727
Fielding Questions - online,https://www.drs.fu-berlin.de/en/node/53899,21.10.2021 - 09:00,22.10.2021 - 12:30,waiting list,2025-09-16 12:05:00.787727
Academic Writing in English - in person NEW,https://www.drs.fu-berlin.de/en/node/58926,20.10.2021 - 16:00,16.02.2022 - 18:00,available,2025-09-16 12:05:00.787727
Schreibzeit am Morgen - online,https://www.drs.fu-berlin.de/en/node/21487,04.10.2021 - 09:00,14.03.2022 - 18:00,available,2025-09-16 12:05:00.787727
Secrets of Impactful Poster Design - online,https://www.drs.fu-berlin.de/en/node/53897,04.10.2021 - 09:00,11.10.2021 - 12:00,waiting list,2025-09-16 12:05:00.787727
SCHREIBWOCHE - Berlin University Alliance - online,https://www.drs.fu-berlin.de/en/node/53895,27.09.2021 - 09:00,01.10.2021 - 17:00,waiting list,2025-09-16 12:05:00.787727
Scientific Argumentation,https://www.drs.fu-berlin.de/en/node/50503,21.07.2021 - 09:00,22.07.2021 - 14:00,waiting list,2025-09-16 12:05:00.787727
Research Integrity: Effizienter und (plagiats)sicherer Umgang mit Fachliteratur (literatur- und textbasierte Forschung),https://www.drs.fu-berlin.de/en/node/50315,16.07.2021 - 09:00,17.07.2021 - 13:00,waiting list,2025-09-16 12:05:00.787727
SCRUM - online,https://www.drs.fu-berlin.de/en/node/50314,12.07.2021 - 14:00,12.07.2021 - 17:00,waiting list,2025-09-16 12:05:00.787727
Project Management - online,https://www.drs.fu-berlin.de/en/node/50313,05.07.2021 - 09:00,12.07.2021 - 13:00,waiting list,2025-09-16 12:05:00.787727
Publishing Journal Articles in the Natural and Life Sciences,https://www.drs.fu-berlin.de/en/node/50312,01.07.2021 - 09:00,02.07.2021 - 13:00,waiting list,2025-09-16 12:05:00.787727
Understanding Visual Communication,https://www.drs.fu-berlin.de/en/node/50338,28.06.2021 - 09:00,29.06.2021 - 12:00,waiting list,2025-09-16 12:05:00.787727
Research Integrity: Good Scientific Practice,https://www.drs.fu-berlin.de/en/node/50204,23.06.2021 - 10:00,23.06.2021 - 17:00,waiting list,2025-09-16 12:05:00.787727
Basics of Business Administration,https://www.drs.fu-berlin.de/en/node/50310,21.06.2021 - 14:00,25.06.2021 - 17:00,available,2025-09-16 12:05:00.787727
Grant Proposal Writing,https://www.drs.fu-berlin.de/en/node/50203,21.06.2021 - 09:00,29.06.2021 - 12:30,waiting list,2025-09-16 12:05:00.787727
Research Integrity: But I just want to do my research,https://www.drs.fu-berlin.de/en/node/52395,21.06.2021 - 09:00,22.06.2021 - 13:00,available,2025-09-16 12:05:00.787727
Scientific Writing in the Natural and Life Sciences,https://www.drs.fu-berlin.de/en/node/50308,16.06.2021 - 09:00,18.06.2021 - 13:30,waiting list,2025-09-16 12:05:00.787727
Paid to research: Preparing successful funding applications,https://www.drs.fu-berlin.de/en/node/50210,14.06.2021 - 09:00,15.06.2021 - 16:00,waiting list,2025-09-16 12:05:00.787727
Wissenschaftskommunikation für Promovierende,https://www.drs.fu-berlin.de/en/node/50305,09.06.2021 - 10:00,08.07.2021 - 12:00,waiting list,2025-09-16 12:05:00.787727
Research Integrity: Basic Workshop,https://www.drs.fu-berlin.de/en/node/50304,08.06.2021 - 13:00,11.06.2021 - 13:00,available,2025-09-16 12:05:00.787727
Academic Writing in English,https://www.drs.fu-berlin.de/en/node/50199,01.06.2021 - 13:00,27.07.2021 - 15:00,waiting list,2025-09-16 12:05:00.787727
Keeping your Talk Fresh,https://www.drs.fu-berlin.de/en/node/50202,01.06.2021 - 09:00,02.06.2021 - 12:30,waiting list,2025-09-16 12:05:00.787727
Brilliant Idea - Successful Proposal?,https://www.drs.fu-berlin.de/en/node/49829,31.05.2021 - 13:00,04.06.2021 - 11:30,waiting list,2025-09-16 12:05:00.787727
"Self-Presentation in Public: Work on Body, Voice and Charisma",https://www.drs.fu-berlin.de/en/node/50288,28.05.2021 - 10:00,28.05.2021 - 19:40,waiting list,2025-09-16 12:05:00.787727
"Self-Presentation in Public: Work on Body, Voice and Charisma",https://www.drs.fu-berlin.de/en/node/50287,27.05.2021 - 10:00,27.05.2021 - 19:40,waiting list,2025-09-16 12:05:00.787727
Let's Write!,https://www.drs.fu-berlin.de/en/node/50301,20.05.2021 - 17:00,20.05.2021 - 20:30,waiting list,2025-09-16 12:05:00.787727
Get it done,https://www.drs.fu-berlin.de/en/node/50208,19.05.2021 - 09:00,17.06.2021 - 12:00,waiting list,2025-09-16 12:05:00.787727
Writing Successful Job Applications,https://www.drs.fu-berlin.de/en/node/50303,14.05.2021 - 09:00,14.05.2021 - 17:00,waiting list,2025-09-16 12:05:00.787727
"Time & Activity Management, Priorisation and Mindfulness",https://www.drs.fu-berlin.de/en/node/50207,10.05.2021 - 09:00,11.05.2021 - 12:00,waiting list,2025-09-16 12:05:00.787727
ERFOLGREICH IN DIE PROMOTION - Berlin University Alliance Online Retreat,https://www.drs.fu-berlin.de/en/node/50850,07.05.2021 - 09:30,12.05.2021 - 18:00,waiting list,2025-09-16 12:05:00.787727
Lust statt Frust: Selbstmotivation und Schaffensfreude in der Forschung,https://www.drs.fu-berlin.de/en/node/50088,05.05.2021 - 16:00,26.05.2021 - 18:00,waiting list,2025-09-16 12:05:00.787727
Disputation Training,https://www.drs.fu-berlin.de/en/node/50092,05.05.2021 - 09:00,06.05.2021 - 16:00,waiting list,2025-09-16 12:05:00.787727
KICK-OFF YOUR DOCTORATE - Berlin University Alliance Online Retreat,https://www.drs.fu-berlin.de/en/node/50849,03.05.2021 - 09:30,06.05.2021 - 18:00,waiting list,2025-09-16 12:05:00.787727
Schreibzeit am Morgen,https://www.drs.fu-berlin.de/en/node/50281,26.04.2021 - 09:00,20.09.2021 - 13:00,available,2025-09-16 12:05:00.787727
Research Integrity: Einführung Forschungsdatenmanagement (Geistes- und Sozialwissenschaften),https://www.drs.fu-berlin.de/en/node/42627,17.03.2021 - 09:00,18.03.2021 - 12:00,waiting list,2025-09-16 12:05:00.787727
Research Integrity: On Doing Sound and Ethical Science (Natural and Life Sciences),https://www.drs.fu-berlin.de/en/node/42630,03.03.2021 - 10:00,28.04.2021 - 13:00,waiting list,2025-09-16 12:05:00.787727
Research Integrity: Effizienter und (plagiats)sicherer Umgang mit Fachliteratur (literatur- und textbasierte Forschung),https://www.drs.fu-berlin.de/en/node/42586,25.02.2021 - 09:00,26.02.2021 - 12:30,waiting list,2025-09-16 12:05:00.787727
Einführung in das Literaturverwaltungsprogramm EndNote,https://www.drs.fu-berlin.de/en/node/42561,11.02.2021 - 10:00,11.02.2021 - 13:00,available,2025-09-16 12:05:00.787727
Freely available - How does Open Access benefit you as a researcher?,https://www.drs.fu-berlin.de/en/node/42629,04.02.2021 - 10:00,04.02.2021 - 13:00,waiting list,2025-09-16 12:05:00.787727
Grant Proposal Writing,https://www.drs.fu-berlin.de/en/node/42618,03.02.2021 - 09:00,11.02.2021 - 13:00,waiting list,2025-09-16 12:05:00.787727
Research Integrity: Good Scientific Practice,https://www.drs.fu-berlin.de/en/node/42582,02.02.2021 - 10:00,02.02.2021 - 17:00,waiting list,2025-09-16 12:05:00.787727
Just Do It - First steps from the Humanities and Social Sciences toward a job outside academia,https://www.drs.fu-berlin.de/en/node/42634,25.01.2021 - 10:00,01.03.2021 - 12:30,waiting list,2025-09-16 12:05:00.787727
Research Integrity: But I just want to do my research,https://www.drs.fu-berlin.de/en/node/42564,18.01.2021 - 09:00,19.01.2021 - 13:00,waiting list,2025-09-16 12:05:00.787727
DRS Pro Transfer Online,https://www.drs.fu-berlin.de/en/node/43784,11.01.2021 - 09:00,01.02.2021 - 12:00,available,2025-09-16 12:05:00.787727
Academic English,https://www.drs.fu-berlin.de/en/node/42890,17.12.2020 - 16:00,18.02.2021 - 17:30,waiting list,2025-09-16 12:05:00.787727
The Art of Writing Abstracts (Natural and Life Sciences),https://www.drs.fu-berlin.de/en/node/42622,09.12.2020 - 09:30,09.12.2020 - 13:00,waiting list,2025-09-16 12:05:00.787727
Mastering the Unexpected,https://www.drs.fu-berlin.de/en/node/42617,07.12.2020 - 09:00,08.12.2020 - 12:30,waiting list,2025-09-16 12:05:00.787727
"Self-Presentation in Public: Work on Body, Voice and Charisma",https://www.drs.fu-berlin.de/en/node/43479,03.12.2020 - 10:00,03.12.2020 - 19:30,waiting list,2025-09-16 12:05:00.787727
Keeping your Talk Fresh,https://www.drs.fu-berlin.de/en/node/42560,03.12.2020 - 09:00,04.12.2020 - 12:30,waiting list,2025-09-16 12:05:00.787727
Auftrittskompetenz,https://www.drs.fu-berlin.de/en/node/43197,26.11.2020 - 10:00,26.11.2020 - 19:30,waiting list,2025-09-16 12:05:00.787727
Berlin University Alliance: Online Retreat III (deutsch),https://www.drs.fu-berlin.de/en/node/43361,23.11.2020 - 15:00,26.11.2020 - 18:00,available,2025-09-16 12:05:00.787727
Berlin University Alliance: Online Retreat II (deutsch),https://www.drs.fu-berlin.de/en/node/43360,23.11.2020 - 10:00,26.11.2020 - 13:45,available,2025-09-16 12:05:00.787727
"Self-Presentation in Public: Work on Body, Voice and Charisma",https://www.drs.fu-berlin.de/en/node/42625,19.11.2020 - 10:00,19.11.2020 - 19:30,waiting list,2025-09-16 12:05:00.787727
Lust statt Frust: Selbstmotivation und Schaffensfreude in der Forschung,https://www.drs.fu-berlin.de/en/node/42587,18.11.2020 - 17:00,16.12.2020 - 18:30,available,2025-09-16 12:05:00.787727
Kooperative Kommunikation und Gesprächsführung (B),https://www.drs.fu-berlin.de/en/node/42715,18.11.2020 - 09:00,18.11.2020 - 13:00,waiting list,2025-09-16 12:05:00.787727
Mastering Peer Review: Strategies for Success for Natural and Life Sciences,https://www.drs.fu-berlin.de/en/node/42651,18.11.2020 - 09:00,19.11.2020 - 13:00,waiting list,2025-09-16 12:05:00.787727
Berlin University Alliance: Online Retreat I (english),https://www.drs.fu-berlin.de/en/node/43359,16.11.2020 - 10:00,19.11.2020 - 13:45,waiting list,2025-09-16 12:05:00.787727
Publishing Scholarly Monographs (Humanities & Social Sciences),https://www.drs.fu-berlin.de/en/node/42619,16.11.2020 - 10:00,16.11.2020 - 17:00,waiting list,2025-09-16 12:05:00.787727
Kooperative Kommunikation und Gesprächsführung (A),https://www.drs.fu-berlin.de/en/node/42642,16.11.2020 - 09:00,16.11.2020 - 13:00,waiting list,2025-09-16 12:05:00.787727
Auftrittskompetenz,https://www.drs.fu-berlin.de/en/node/42624,12.11.2020 - 10:00,12.11.2020 - 19:30,waiting list,2025-09-16 12:05:00.787727
Goodbye Academia? (Natural & Life Sciences),https://www.drs.fu-berlin.de/en/node/42620,09.11.2020 - 10:00,13.11.2020 - 12:00,waiting list,2025-09-16 12:05:00.787727
"Writing Successful Job Applications, In Academia & Beyond",https://www.drs.fu-berlin.de/en/node/42585,04.11.2020 - 10:00,06.11.2020 - 14:00,waiting list,2025-09-16 12:05:00.787727
Academic Writing in English,https://www.drs.fu-berlin.de/en/node/42581,29.10.2020 - 13:00,17.12.2020 - 15:00,waiting list,2025-09-16 12:05:00.787727
Finding your place in a team,https://www.drs.fu-berlin.de/en/node/42566,28.10.2020 - 09:00,29.10.2020 - 16:00,available,2025-09-16 12:05:00.787727
Disputation Training,https://www.drs.fu-berlin.de/en/node/42509,26.10.2020 - 09:00,27.10.2020 - 16:00,waiting list,2025-09-16 12:05:00.787727
Dealing with Imposter Syndrome / 26-2-IS-4,https://www.drs.fu-berlin.de/en/node/115717,,,unavailable,2025-09-16 12:05:00.787727
Grant Proposal Writing / 26-3-GP-5,https://www.drs.fu-berlin.de/en/node/115554,,,unavailable,2025-09-16 12:05:00.787727
Navigating Challenges: Communicating Across Cultures with My Supervisor / 26-1-NC-4,https://www.drs.fu-berlin.de/en/node/115493,,,unavailable,2025-09-16 12:05:00.787727
Research Integrity: Introduction to Research Data Management in Humanities and Social Sciences- online,https://www.drs.fu-berlin.de/en/node/88882,,,unavailable,2025-09-16 12:05:00.787727
Research Integrity: On Doing Sound and Ethical Science (Natural and Life Sciences),https://www.drs.fu-berlin.de/en/node/83571,,,waiting list,2025-09-16 12:05:00.787727
Resilience in International Transitions for Academics Abroad / 25-10-IT-4,https://www.drs.fu-berlin.de/en/node/115434,,,available,2025-09-16 12:05:00.787727
SCIENCE SALON @ DRS (in person),https://www.drs.fu-berlin.de/en/node/88218,,,available,2025-09-16 12:05:00.787727
Scientific Argumentation: Critical Reasoning and Logic / 26-1-CR-3,https://www.drs.fu-berlin.de/en/node/115494,,,available,2025-09-16 12:05:00.787727
Secrets of Impactful Poster Design / 26-2-PD-5,https://www.drs.fu-berlin.de/en/node/115544,,,available,2025-09-16 12:05:00.787727
Starting your Project with Success / 26-2-SP-1,https://www.drs.fu-berlin.de/en/node/115549,,,unavailable,2025-09-16 12:05:00.787727
Success Team 2025-I (cohort Dec 2025) / 26-1-ST-1,https://www.drs.fu-berlin.de/en/node/115495,,,available,2025-09-16 12:05:00.787727
Time Management: Achieving your goals a day at a time / 26-3-TM-1,https://www.drs.fu-berlin.de/en/node/115553,,,available,2025-09-16 12:05:00.787727
“Presentation Skills: Engaging your listener in your talk” for doctoral researchers in the social science and humanities / 25-12-PS-5,https://www.drs.fu-berlin.de/en/node/115444,08.12.2025 - 09:00,09.12.2025 - 17:00,available,2025-09-16 12:05:00.787727
ODT AI & Research Integrity: What to do and what to avoid,https://www.drs.fu-berlin.de/en/node/115907,13.01.2026 - 13:00,13.01.2026 - 15:00,unavailable,2025-09-16 12:05:00.787727
Self-care during your doctorate,https://www.drs.fu-berlin.de/en/node/117622,18.02.2026 - 09:00,18.02.2026 - 12:00,available,2025-09-16 12:05:00.787727
Networking for Scientists: Understanding and Building Authentic Professional Relationships / 26-1-Nw-5,https://www.drs.fu-berlin.de/en/node/115435,26.01.2026 - 09:30,26.01.2026 - 17:00,available,2025-09-16 12:05:00.787727
Presentation Skills: Engaging your listener in your talk for doctoral researchers in the social science and humanities / 25-12-PS-5,https://www.drs.fu-berlin.de/en/node/115444,08.12.2025 - 09:00,09.12.2025 - 17:00,available,2025-09-16 12:05:00.787727
Abschlussarbeiten gut begleiten / 25-11-BW-5,https://www.drs.fu-berlin.de/en/node/115941,27.11.2025 - 09:30,27.11.2025 - 17:30,available,2025-09-16 12:05:00.787727
Individual Consultation on your Writing / 25-9-IC-3a,https://www.drs.fu-berlin.de/en/node/112509,25.09.2025 - 09:00,25.09.2025 - 17:00,available,2025-09-16 12:05:00.787727
Open Door Talk: Doctoral Research and Care Responsibility / 25-5,https://www.drs.fu-berlin.de/en/node/112581,20.05.2025 - 10:00,20.05.2025 - 12:00,available,2025-09-16 12:05:00.787727
"""What's Next Doc?"" by Research Division of Freie Universität / 25-2",https://www.drs.fu-berlin.de/en/node/102817,12.02.2025 - 14:00,12.02.2025 - 16:00,available,2025-09-16 12:05:00.787727
To use or not to use? Potentials and pitfalls of using AI-tools in (literature) research / 25-1,https://www.drs.fu-berlin.de/en/node/105569,30.01.2025 - 10:00,30.01.2025 - 13:00,waiting list,2025-09-16 12:05:00.787727
How to check the quality of academic publications / 25-01,https://www.drs.fu-berlin.de/en/node/105568,29.01.2025 - 14:00,29.01.2025 - 16:00,waiting list,2025-09-16 12:05:00.787727
Empowerment workshop for all doctoral researchers with care responsibilities / 24-12,https://www.drs.fu-berlin.de/en/node/104268,10.12.2024 - 09:00,17.12.2024 - 12:30,available,2025-09-16 12:05:00.787727
Individual Consultation on Your Writing / 24-12-IC-3,https://www.drs.fu-berlin.de/en/node/102732,05.12.2024 - 13:00,05.12.2024 - 16:00,waiting list,2025-09-16 12:05:00.787727
Meine Kompetenzen erkennen – Frühzeitig mit meinen Stärken arbeiten / 24-11,https://www.drs.fu-berlin.de/en/node/102814,21.11.2024 - 09:00,21.11.2024 - 12:30,available,2025-09-16 12:05:00.787727
"Presenting with confidence: Work on Body, Voice and Charisma / 24-10-PC-5",https://www.drs.fu-berlin.de/en/node/102262,01.10.2024 - 09:00,01.10.2024 - 16:00,waiting list,2025-09-16 12:05:00.787727
Go-Out-Tag: Going Abroad – Options for Doctoral Researchers  / 25-6,https://www.drs.fu-berlin.de/en/node/115073,18.06.2025 - 16:00,18.06.2025 - 17:00,available,2025-09-16 12:05:00.787727
Promovieren mit Betreuungsverantwortung - Abschlussarbeiten gut begleiten! / 25-11-BW-5,https://www.drs.fu-berlin.de/en/node/115941,27.11.2025 - 09:30,27.11.2025 - 17:30,available,2025-09-16 12:05:00.787727
"""What's Next Doc?"" by Research Division of Freie Universität",https://www.drs.fu-berlin.de/en/node/112561,10.07.2025 - 14:00,10.07.2025 - 16:00,available,
